Country,Agricultural land  % of land area 2000-02,Agricultural land  % of land area 2014-16,Agricultural land  % irrigated 2014-16,Average annual precipitation  millimeters 2014,Land under cereal production  hectares thousands 2000-02,Land under cereal production  hectares thousands 2014-16,Fertilizer consumption  % of fertilizer production 2014-16,Fertilizer consumption  kilograms per hectare of arable land 2014-16,Agricultural employment  % of total employment 2000-02,Agricultural employment  % of total employment 2014-16,Agricultural machinery tractors per 100 sq. km of arable land 2000,Agricultural machinery tractors per 100 sq. km of arable land 2009,Exposure to impact Land area where elevation is below 5 meters % of land area 2010,Exposure to impact Population living in areas where elevation is below 5 meters % of total population 2010,"Exposure to impact Population affected by droughts, floods, and extreme temperatures average annual; % of total population 2009",Exposure to impact Urban land area where elevation is below 5 meters % of urban land area 2010,Exposure to impact Rural population living in areas where elevation is below 5 meters % of rural population 2010,Exposure to impact Rural land area where elevation is below 5 meters % of rural land area 2010,Exposure to impact Urban population living in areas where elevation is below 5 meters % of urban population 2010,"Resilience Disaster risk reduction progress score 1, worst to 5,best 2011",Net energy imports  % of energy use 1990,Net energy imports  % of energy use 2015,GDP per unit of energy use  2011 PPP $ per kilogram of oil equivalent 1990,GDP per unit of energy use  2011 PPP $ per kilogram of oil equivalent 2015,Carbon dioxide emissions Total thousand metric tons 1990,Carbon dioxide emissions Total thousand metric tons 2014,Carbon dioxide emissions Carbon intensity kilograms per kilograms of oil equivalent energy use 1990,Carbon dioxide emissions Carbon intensity kilograms per kilograms of oil equivalent energy use 2014,Carbon dioxide emissions per capita metric tons 1990,Carbon dioxide emissions per capita metric tons 2014,Carbon dioxide emissions  kilograms per 2011 PPP $ of GDP 1990,Carbon dioxide emissions  kilograms per 2011 PPP $ of GDP 2014,Access to electricity  % of population 2000,Access to electricity  % of population 2016,Access to electricity  % of urban population 2016,Access to electricity  % of rural population 2016,Access to clean fuels and technologies for cooking  % of population 2000,Access to clean fuels and technologies for cooking  % of population 2016,Renewable energy consumption  % of total final energy consumption 2000,Renewable energy consumption  % of total final energy consumption 2015,Renewable electricity output  % of total electricity output 2000,Renewable electricity output  % of total electricity output 2015,Annual freshwater withdrawals Flows billion cu. m 2014,Annual freshwater withdrawals  billion cu. m 2014,Annual freshwater withdrawals  % of internal resources 2014,Annual freshwater withdrawals  % for agriculture 2015,Annual freshwater withdrawals  % for industry 2014,Water productivity  % of domestic 2015,People using at least basic drinking water services GDP/water use 2010 $ per cu. m 2015,People using at least basic drinking water services Urban % of urban population 2018,People using at least basic drinking water services Rural % of Rural population 2018,Total greenhouse gas emissions  % change 1990-2012,Methane emissions  thousand metric tons of carbon dioxide equivalent 2012,Methane emissions  % change 1990-2012,Methane emissions From energy processes % of total 2008,Methane emissions Agricultural % of total 2008,Nitrous oxide emissions  thousand metric tons of carbon dioxide equivalent 2012,Nitrous oxide emissions  % change 1990-2012,Nitrous oxide emissions From energy processes % of total 2008,Nitrous oxide emissions Agricultural % of total 2008,Other greenhouse gas emissions  thousand metric tons of carbon dioxide equivalent 2012,Other greenhouse gas emissions  % change 1990-2012,Prevalence of smoking Male % of adults 2016,Prevalence of smoking female % of adults 2016,"Incidence of tuberculosis  per 100,000 people 2018",Prevalence of diabetes  % of population ages 20 to 79 2019,"Incidence of HIV Total per 1,000 uninfected population ages 15-49 2018",Prevalence of HIV Total % of population ages 15-49 2018,Prevalence of HIV Women's share of population ages 15+ living with HIV % 2018,"Prevalence of HIV Youth, Male % of population ages 15-24 2018","Prevalence of HIV Youth, Female % of population ages 15-24 2018",Antiretroviral therapy coverage  % of people living with HIV 2018,"Cause of death Communicable diseases and maternal, prenatal, and nutrition conditions % of population 2016",Cause of death Non-communicable diseases % of population 2016,Cause of death Injuries % of population 2016,Health expenditure Current % of GDP 2016,Health expenditure Public % of current 2016,Health expenditure Out of pocket % of current 2016,Health expenditure per capita $ 2016,Health expenditure per capita current PPP $ 2016,External health expenditure (% of current health expenditure)   2016,"Health workers Physicians per 1,000 people 2009-18","Health workers Nurses and midwives per 1,000 people 2009-18","Specialist surgical workforce  per 100,000 population 2008-18",Completeness of birth registration  % 2009-18,Completeness of death registration  % 2008-16,Rural population  % of total 2000,Rural population  % of total 2018,Rural population growth (annual %)   2018,Land area  sq. km thousands 2016,Land use Forest area % of land area 2000,Land use Forest area % of land area 2016,Land use Permanent cropland % of land area 2000,Land use Permanent cropland % of land area 2016,Land use Arable land % of land area 2000,Land use Arable land % of land area 2016,Arable land  hectares per person 2000,Arable land  hectares per person 2016,People using  safely managed drinking water services  % of population 2017,People using  safely managed sanitation services  % of population 2017,Access to electricity  % of population 2017,Renewable energy consumption  % of total final energy consumption 2015,Expenditures for R&D  % of GDP 2015,Urban population living in slums  % of urban population 2014,Ambient PM2.5 air pollution mean annual exposure micrograms per cubic meter 2016,Adjusted net savings  % of GNI 2017,Carbon dioxide emissions per capita metric tons 2014,Nationally protected terrestrial and marine areas  % of total territorial area 2018,"Intentional homicides Combined source estimates per 100,000 people 2015",Internet use Individuals using the Internet % of population 2017
Afghanistan,58,58,6.5,327,NA,NA,590.1,12.2,63.5,38.8,0.1,0.1,NA,NA,1.1,NA,NA,NA,NA,NA,NA,NA,NA,NA,NA,NA,NA,NA,0.2,0.3,NA,0.2,NA,97.7,99.5,97.1,8.8,32.4,54.2,18.4,75,86.1,47.2,NA,NA,NA,NA,NA,NA,95.9,57.3,43.5,NA,80.4,8.2,62.7,NA,24.6,6,71.3,NA,118.1,NA,NA,189,9.2,0.04,0.1,29,0.1,0.1,13,36,44,20,10.2,5.1,77.4,57.2,162.8,17.5,0.3,0.3,0,42.3,NA,78,75,2.1,652.9,2.1,2.1,0.1,0.3,11.8,11.8,0.37,0.22,NA,NA,97.7,18.4,NA,62.7,56.3,2.7,0.3,0.1,10,13.5
Albania,42,43,19.6,NA,157.6,148.1,NA,126.1,45.9,39.8,139.9,121.9,4.9,7.1,5.3,0.3,4.7,4.6,2.4,NA,8,14,5.5,13.2,NA,NA,2.1,2.4,1.7,2,0.4,0.2,100,100,100,100,39.8,77.4,41.4,38.6,96.1,100,26.9,1.3,4.9,39,18,43,7,91.8,89.9,-19.9,NA,3.8,25.8,65,NA,-26.5,6.2,80.6,900,-75,51,7,18,9,NA,NA,NA,NA,NA,NA,3,93,4,6.7,41.4,58,271.5,759.7,0.7,1.2,3.6,11.6,98.4,53,58,40,-2.6,27.4,28.1,28.1,4.4,3,21.1,22.6,0.19,0.22,70,39.9,100,38.6,NA,NA,18.2,8.2,2,13.5,2.8,71.8
Algeria,17,17,2.8,89,NA,NA,8.2,22.3,21.7,8.3,124.9,139.6,0,0.8,0,0,0.2,0,0.6,3.5,-351,-177,12,10.2,NA,NA,3.5,2.8,3,3.7,0.3,0.3,NA,100,100,100,86.5,92.6,0.4,0.1,0.2,0.3,11.3,7.8,69.4,59,5,36,22,95.4,88.7,65.8,NA,50.2,79.4,10,NA,49.9,7.2,53.9,NA,202.7,30,1,69,6.7,0.05,0.1,46,0.1,0.1,81,15,76,10,6.6,67.7,30.9,260.4,998.2,0,1.8,2.2,12.1,100,NA,40,27,-0.1,NA,0.7,0.8,0.2,0.4,3.2,3.1,0.25,0.18,NA,17.7,100,0.1,0.5,NA,39.9,21.2,3.7,7.1,1.4,47.7
American Samoa,23,25,NA,NA,NA,NA,NA,NA,NA,NA,68,107.8,3.6,3.3,0,1.4,1.3,2.2,2,NA,NA,NA,NA,NA,NA,NA,NA,NA,NA,NA,NA,NA,NA,NA,NA,NA,NA,NA,0,0.9,0,0.9,NA,NA,NA,NA,NA,NA,NA,NA,NA,188.3,13,48.3,0,24.8,24,NA,0,99.2,0,433.3,NA,NA,0,NA,NA,NA,NA,NA,NA,NA,NA,NA,NA,NA,NA,NA,NA,NA,NA,NA,NA,NA,NA,NA,11,13,-0.1,0.2,90.2,87.5,11.5,9.5,12.5,15,0.04,0.05,12.6,NA,NA,0.9,NA,NA,12.4,NA,NA,8.7,7.2,NA
Andorra,49,40,NA,NA,NA,NA,NA,NA,NA,NA,NA,NA,NA,NA,NA,NA,NA,NA,NA,NA,NA,NA,NA,NA,407,462,NA,NA,7.5,5.8,NA,NA,100,100,100,100,100,100,14.9,19.7,100,86.1,0.3,NA,NA,NA,NA,NA,NA,100,100,NA,NA,NA,NA,NA,0,0,0,0,NA,NA,38,29,3,7.7,NA,NA,NA,NA,NA,NA,NA,NA,NA,10.4,49.1,41.7,NA,NA,NA,3.3,4,83.1,100,80,8,12,0.7,0.5,34,34,NA,NA,2.1,1.7,0.02,0.01,90.6,100,100,19.7,NA,NA,10.3,NA,5.8,26.7,0,91.6
Angola,46,47,NA,NA,NA,NA,NA,8,37,49.4,NA,NA,0.1,1.4,1,0,0.2,0.1,1.2,NA,-387,-541,9.6,12.5,NA,NA,0.9,2.4,0.4,1.3,0.1,0.2,20,40.6,70.8,0,37.3,48.1,74.6,49.6,63.1,53.2,148,0.7,0.5,NA,34,NA,NA,71.2,27.4,-18,NA,-14,63.8,23,NA,-79.5,6,81.3,NA,NA,NA,NA,355,4.5,1.6,2,69,0.3,1.2,27,63,27,9,2.9,44.1,35.2,95.2,185.8,3.6,0.2,1.3,NA,25,NA,50,34,1.3,NA,47.9,46.3,0.2,0.2,2.4,3.9,0.18,0.17,NA,NA,41.9,49.6,0,55.5,31.8,-16.3,1.3,5,4.8,14.3
Antigua and Barbuda,20,20,NA,NA,0,0,NA,13.9,NA,NA,NA,NA,13.2,11.8,NA,5.8,3.2,7.5,8.6,2.8,NA,NA,11,NA,282,532,2.9,NA,4.5,5.7,0.3,0.3,100,100,100,100,96.7,98.8,0,0,0,0,0.1,0,8.5,16,22,63,265,NA,NA,48.5,43,21.9,2.8,61.4,26,54.5,12.6,51.3,111,NA,NA,NA,6,13.1,NA,NA,NA,NA,NA,NA,12,82,6,4.3,60.6,32.2,623.1,976.4,0,2.8,3.1,14,NA,79,68,75,1,0.4,22.7,22.3,2.3,2.3,9.1,9.1,0.05,0.04,NA,NA,100,0,NA,NA,18.5,NA,5.7,0.3,10.3,76
Argentina,47,54,NA,591,NA,NA,256.6,50.3,1,0.1,89.6,87.7,0.9,3,0.2,0.1,1,0.8,2.1,3.3,-5,13,8.1,9.3,NA,NA,2.4,2.4,3.4,4.8,0.3,0.3,95.5,100,100,99.7,94.8,98.4,11.1,10,33.2,28.1,292,37.7,12.9,74,11,15,12,99.6,93,42.7,NA,-13.3,17.7,73.5,NA,37.9,3.1,90.6,NA,100.5,28,16,27,5.9,0.3,0.4,32,0.1,0.1,61,16,78,7,7.5,74.4,15.8,955.2,NA,0.6,4,2.6,50.1,100,100,11,8,-0.5,NA,11.6,9.8,0.4,0.4,10.1,14.3,0.75,0.9,NA,NA,100,10,0.6,16.7,13.8,5.4,4.8,7.4,6.5,74.3
Armenia,49,59,9.2,562,184.9,194.7,NA,110.5,38.8,33.6,291.6,291.6,NA,NA,0.5,NA,NA,NA,NA,3,98,71,1.7,7.8,NA,NA,1.4,1.9,1.7,1.9,0.9,0.2,98.9,100,100,100,82,96.9,7.2,15.8,21.2,28.3,6.9,3.3,42.9,90,4,6,4,99.9,100,-50.2,NA,18.5,55.4,35.9,NA,27,3.2,81.1,NA,511.5,52,2,31,6.1,0.1,0.2,34,0.1,0.1,53,3,93,4,9.9,16.5,80.6,358.8,876.9,1.7,2.9,5.6,86.7,99.3,76,35,37,0.1,28.5,11.7,11.7,1.3,2,15.8,15.7,0.15,0.15,86.5,48.2,100,15.8,0.3,14.4,32.2,1.5,1.9,23.1,2.6,64.7
Aruba,11,11,NA,NA,NA,NA,NA,NA,NA,NA,NA,NA,7.1,7.1,NA,4.7,2.4,2.4,4.7,NA,NA,NA,NA,NA,NA,873,NA,NA,26.4,8.4,0.7,0.2,91.7,100,100,100,NA,NA,0.2,6.7,0,14.9,NA,NA,NA,NA,NA,NA,NA,NA,NA,NA,23,52.8,6.4,3.7,6,-45.1,36.5,13,NA,-33.3,NA,NA,5,11.6,NA,NA,NA,NA,NA,NA,NA,NA,NA,NA,NA,NA,NA,NA,NA,NA,NA,NA,NA,NA,53,57,0.2,0.2,2.3,2.3,NA,NA,11.1,11.1,0.02,0.02,NA,NA,100,6.7,NA,NA,NA,NA,8.4,0.1,1.9,97.2
Australia,58,48,0.6,534,NA,NA,222.1,68.1,4.4,2.6,NA,NA,0.6,4.5,3,0,0.9,0.6,3.6,4,-82,-190,5.7,8,NA,NA,3.1,2.9,15.5,15.4,0.5,0.4,100,100,100,100,100,100,8.4,9.2,8.4,13.6,492,16.8,3.1,61,16,23,78,100,100,57.9,NA,9.1,32,56.8,NA,-13.7,6.6,81,NA,483.5,17,13,7,5.6,0.08,0.1,12,0.1,0.1,83,5,90,6,9.3,68.3,18.9,NA,NA,0,3.6,12.7,45.1,100,100,16,14,0.8,NA,16.8,16.3,0,0,6.2,6,2.47,1.9,NA,75.6,100,9.2,1.9,NA,8.6,5.6,15.4,29.7,1,86.5
Austria,35,32,1.4,NA,816.8,787,NA,141.8,5.8,4.3,NA,NA,NA,NA,0,NA,NA,NA,NA,NA,67,64,9.7,11.6,NA,NA,2.3,1.8,7.5,6.9,0.2,0.2,100,100,100,100,100,100,26.4,34.4,72.5,76.5,55,3.5,6.3,2,77,21,112,100,100,13.3,NA,-20.2,24.5,48,NA,-28.7,17.6,56,NA,88.2,31,28,7,6.6,NA,NA,NA,NA,NA,NA,3,92,5,10.4,72.5,18.9,NA,NA,NA,5.1,8.2,109.9,100,100,40,42,0.1,82.5,46.5,46.9,0.9,0.8,16.9,16.3,0.17,0.15,98.9,96.7,100,34.4,3,NA,12.6,14.1,6.9,28.4,0.5,87.9
Azerbaijan,57,58,29.8,447,813.2,986.9,NA,14.1,40.2,36.3,148.2,148.2,NA,NA,1.1,NA,NA,NA,NA,NA,8,-310,2.8,11.2,NA,NA,3.1,2.6,7.6,3.9,1.2,0.2,98.9,100,100,100,73.2,95.5,2.1,2.3,8.2,7,8.1,12,147.5,84,19,NA,4,99.3,81.6,-27.6,NA,74.2,58,32.1,NA,0.3,5.4,80,NA,354.9,43,0,63,6.1,NA,NA,NA,NA,NA,NA,9,87,5,6.9,20,78.9,268.2,NA,0.4,3.4,7,67.6,NA,NA,49,44,0.1,82.7,10.6,14.1,2.9,2.9,22.1,24.2,0.23,0.2,73.6,NA,100,2.3,0.2,NA,20.2,9.5,3.9,5.5,2.3,79
"Bahamas, The",1,1,NA,NA,0.1,0.1,NA,144,3.7,2.7,163.3,NA,52.9,20.3,NA,1,8.5,51.9,11.8,NA,NA,NA,12.3,NA,NA,NA,3,NA,7.6,6.5,0.2,0.2,100,100,100,100,100,100,0,1.2,0,0,0.7,NA,NA,NA,NA,NA,NA,NA,NA,35.4,227,60.2,4.8,2,131,119.4,19.6,16.1,772,-89.3,20,3,14,8.8,0.8,1.8,44,0.6,0.5,52,17,74,9,6.4,49.9,27.7,NA,NA,0.4,1.9,3.1,NA,NA,93,18,17,0.4,10,51.4,51.4,0.4,0.4,0.7,0.8,0.02,0.02,NA,NA,100,1.2,NA,NA,17.7,7.1,6.5,8.6,37.7,85
Bahrain,13,11,NA,83,NA,NA,0.7,NA,1.5,1.1,75,75,34,34.3,NA,21.3,9.9,12.7,24.3,NA,-173,-62,3.3,4.1,NA,NA,2.4,2.2,25.1,23.5,0.7,0.5,100,100,100,100,100,100,0,0,0,0,0,NA,NA,NA,NA,NA,NA,NA,NA,92.7,NA,87.7,92.1,0.5,131,80.8,23.7,11.3,NA,-87.4,38,6,11,15.6,NA,NA,NA,NA,NA,NA,7,83,10,4.9,61.4,28,NA,NA,0,0.9,2.5,14.4,NA,88,12,11,4,0.8,0.5,0.8,4.5,3.9,2.8,2.1,0,0,99,96,100,0,0.1,NA,69.9,20.4,23.5,1.7,0.5,95.9
Bangladesh,72,71,59.7,NA,NA,NA,392.4,289.4,59.8,42.7,1.2,1.2,9.6,8.9,4.6,0.6,7.1,9,1.8,4,16,17,10.7,13.4,NA,NA,1.2,2.1,0.2,0.5,0.1,0.2,32,75.9,94,66,7.2,17.7,59,34.7,4.7,1.2,105,35.9,34.2,88,2,10,3,97.5,96.8,44.7,NA,20.7,11.5,68.9,NA,64.7,7.6,82.9,NA,-87,45,1,221,9.2,0.02,0.1,36,0.1,0.1,22,26,67,8,2.4,18,71.9,34.2,90.6,7.6,0.5,0.3,2.9,20.2,NA,76,63,-0.2,130.2,11.3,11,3.5,6.4,64.1,59.6,0.07,0.05,55.4,NA,88,34.7,NA,55.1,60.1,24.5,0.5,4.9,2.5,15
Barbados,40,23,NA,NA,0.1,0,NA,113.8,3.5,2.9,NA,NA,0.7,0.7,NA,0.5,0.2,0.2,0.5,4,NA,NA,12,NA,NA,NA,3.3,NA,4.1,4.5,0.3,0.3,100,100,100,100,97.4,99.4,13.6,2.8,0,0,0.1,0.1,87.5,NA,8,NA,NA,NA,NA,28.4,109,-15,8.4,18.5,59,-16.1,13,43.4,47,-128.6,15,2,0,13.4,1.1,1.5,34,0.3,0.2,50,13,83,4,7,45.9,45.2,NA,NA,1.7,2.5,6,17.2,99,100,66,69,0.2,0.4,14.7,14.7,2.3,2.3,34.9,16.3,0.06,0.02,NA,NA,100,2.8,NA,NA,23.5,NA,4.5,0,10.9,81.8
Belarus,44,42,0.4,618,NA,NA,11.6,146.6,11.1,9.7,118.9,86.8,0,0,0,0,0,0,0,NA,93,87,1.9,6.1,NA,NA,2.4,2.3,8.6,6.7,1.1,0.4,100,100,100,100,93.7,98.2,5,6.8,0.1,0.8,34,1.5,4.5,32,32,36,42,96,98.3,-40.9,NA,-10.9,7,53.8,NA,-31,5.4,71.2,NA,-98.7,46,11,31,5,0.4,0.5,43,0.1,0.1,59,3,91,7,6.3,61.4,35.8,318,NA,0.2,4.1,11.4,124.2,100,100,30,21,-2.3,203,40.8,42.6,0.6,0.5,30.2,28,0.61,0.6,94.5,80.5,100,6.8,0.5,NA,18.9,21.2,6.7,9.4,3.6,74.4
Belgium,46,45,NA,847,310.5,327.5,NA,318.5,1.8,1.3,NA,NA,7.7,11.2,0,4.9,1.2,2.8,10,NA,73,80,6.3,9,NA,NA,2.2,1.8,10.6,8.3,0.4,0.2,100,100,100,100,100,100,1.4,9.2,1.3,20.8,12,6,50,1,88,12,78,100,100,-3.3,NA,-25.7,14.7,57.9,NA,-13.5,8,31.3,NA,472.5,31,25,9,4.6,NA,NA,NA,NA,NA,NA,8,86,6,10,84.1,15.9,NA,NA,0,3.3,11.1,89.8,100,100,3,2,-1.6,30.3,22,22.6,0.7,0.8,28.5,28.1,0.08,0.07,99.5,97.1,100,9.2,2.5,NA,12.8,12,8.3,24.6,2,87.7
Belize,7,7,NA,NA,23,28.9,NA,466.2,23.4,15.1,NA,NA,6.1,20.5,0.8,0.4,7.5,5.7,13.1,NA,NA,NA,8.9,NA,312,495,2.9,NA,1.7,1.4,0.3,0.2,79,97,98,96.2,78.2,85.4,34.6,35,70.1,45.2,15.3,NA,NA,NA,NA,NA,NA,98.9,97.2,148.1,228,34.5,13.4,56.4,200,54.3,9.5,72.4,195,310,NA,NA,30,17.1,1.3,1.9,47,0.8,1,28,19,67,13,6.1,66.3,22.9,303.6,541.4,3.8,1.1,1.7,10.5,96,100,55,54,1.7,22.8,64,59.7,1.5,1.4,2.8,3.4,0.26,0.21,NA,NA,98.3,35,NA,10.8,23.1,-0.9,1.4,20.6,33.1,47.1
Benin,30,33,NA,NA,960.1,NA,NA,14.7,44.4,42.1,0.8,NA,1,11.9,0.9,0.1,3.4,0.9,8.4,NA,-7,47,4.4,4.8,708,NA,0.4,1.5,0.1,0.6,0.1,0.3,20.7,41.6,70.9,16.4,1.8,6.4,70.3,50.9,2.4,5.6,10.3,NA,NA,NA,NA,NA,NA,75.7,58.2,-28.9,NA,36.4,13.4,45.8,NA,30.4,2.5,62.6,NA,-54,12,1,56,1,0.58,1,61,0.2,0.4,61,54,36,10,3.9,20.5,43.5,30.4,83.5,30.5,0.2,0.6,1.9,85.6,NA,62,53,1.7,112.8,44.9,37.8,2.4,4.4,21.1,23.9,0.35,0.25,NA,NA,43.1,50.9,NA,61.5,38.4,-3.4,0.6,23.5,1.1,20
Bermuda,7,6,NA,NA,NA,NA,NA,177.1,NA,NA,NA,NA,11.9,11.9,NA,4.5,7.3,7.4,4.5,NA,NA,NA,NA,NA,502,576,NA,NA,8.5,8.8,0.2,0.1,100,100,100,100,NA,NA,0,2.4,0,0,NA,NA,NA,NA,NA,NA,NA,99.9,NA,-3.1,31,28.6,3.8,4.7,21,46.9,16.6,13.5,39,-100,NA,NA,4,6.7,NA,NA,NA,NA,NA,NA,NA,NA,NA,NA,NA,NA,NA,NA,NA,NA,NA,NA,NA,NA,0,0,NA,0.1,18.5,18.5,NA,NA,7.4,5.6,0.01,0,NA,NA,100,2.4,0.2,NA,11.7,NA,8.8,0,6.5,98.4
Bhutan,13,14,NA,NA,59,52.1,NA,13.3,64.3,57.6,11,11,NA,NA,0,NA,NA,NA,NA,NA,NA,NA,21.4,NA,128,NA,2.3,NA,0.2,1.4,0.1,0.2,31.2,99.8,99.9,99.7,31.7,52.5,91.4,86.9,100,100,78,0.3,0.4,94,1,5,4,98,96.7,157.5,NA,92.6,36.4,42.8,555,210.4,34.4,42.1,-393,NA,NA,NA,149,10.3,0.2,0.3,30,0.1,0.1,37,21,69,11,3.5,74,20.1,91.3,293.1,4.8,0.4,1.5,2.9,100,NA,75,59,0,38.1,65.5,72.5,0.5,0.2,2.7,2.6,0.18,0.14,36.2,NA,97.7,86.9,NA,NA,37.2,23.3,1.4,48,1.5,48.1
Bolivia,34,35,0.7,NA,768.3,NA,NA,7.6,42.4,29.2,19.1,19.1,NA,NA,1.3,NA,NA,NA,NA,2.3,-89,-178,9.7,8,NA,NA,2.2,2.4,0.8,1.9,0.2,0.3,70,91.8,99.5,74.9,65.3,64,27.4,17.5,51.5,31.4,303.5,2.1,0.7,92,2,7,9,99.4,78.1,222.7,NA,3.5,44.6,48.3,NA,-33.4,1.6,53.7,NA,285.4,NA,NA,108,6.8,0.2,0.3,32,0.1,0.1,44,22,65,13,6.9,65.7,28,213,496.3,3.2,1.6,0.7,33.9,92,NA,38,31,0.3,NA,55.5,50.3,0.2,0.2,2.9,4.1,0.37,0.4,NA,22.9,91.8,17.5,NA,43.5,21.4,0.8,1.9,30.9,6.3,43.8
Bosnia and Herzegovina,41,43,NA,NA,341.6,319.3,193.7,131.8,18.8,16.8,322.2,NA,0.1,0.1,0.5,0.1,0.1,0.1,0.1,NA,34,23,NA,4.8,NA,NA,3.4,2.8,3.6,6.4,NA,0.6,100,100,100,100,38.1,63.4,19.4,40.8,48.8,35.5,35.5,0.3,0.9,NA,15,NA,54,94.8,97.3,-13.4,NA,-31.6,47.8,42.1,NA,-10.8,10.2,70.7,NA,-7.3,48,30,25,9,0.01,0.1,15,0.1,0.1,67,2,95,4,9.2,70.8,28.7,443.8,NA,0.2,2,6.3,32.3,NA,89,58,52,-1.5,51.2,42.7,42.7,2,2,19.5,20,0.27,0.3,88.8,21.6,100,40.8,0.2,NA,27.6,NA,6.4,1.4,1.6,64.9
Botswana,46,46,0,416,96.5,100.3,NA,89.6,20.8,23.4,76.8,120.8,NA,NA,0.7,NA,NA,NA,NA,3,29,44,9,12.4,NA,NA,2.2,2.6,2.1,3.4,0.2,0.2,27.2,60.6,77.9,24,45.1,64.1,36.6,28.9,0,0,2.4,NA,NA,NA,NA,NA,NA,97.1,75.5,514,NA,-26.8,11.8,79.9,NA,-58.7,2.9,93.9,NA,NA,34,6,275,5.8,7.4,20.3,57,4.9,8.9,83,46,46,8,5.5,55.9,5.2,379.9,931.3,6.7,0.4,3.3,3.6,88,NA,47,31,-0.2,566.7,22.1,18.9,0,0,0.6,0.5,0.21,0.12,NA,NA,62.8,28.9,0.5,NA,23.6,26.6,3.4,29.1,NA,47
Brazil,32,34,NA,NA,NA,NA,535,186.1,20,10.2,138,113.3,0.6,2.6,0.5,0,0.5,0.6,2,4.5,26,12,11,10.4,NA,NA,1.5,1.7,1.4,2.6,0.1,0.2,94.4,99.7,99.9,98.5,86.9,95.6,42.8,43.8,89.5,74,NA,74.8,1.3,60,17,23,30,99.5,89.7,86.1,NA,49.2,9.8,75,NA,36.8,3.7,81.5,NA,99.3,18,10,45,10.4,NA,0.5,NA,NA,NA,66,14,74,12,11.8,33.2,43.6,NA,NA,0.1,2.1,9.7,55.5,96,93,19,13,-1.1,NA,62.4,58.9,0.9,0.8,6.9,9.7,0.33,0.39,NA,49.3,100,43.8,1.3,22.3,12.7,6.1,2.6,28.6,28.4,67.5
Brunei Darussalam,2,3,NA,NA,0.5,1,NA,141.8,1.1,1,NA,NA,0.4,1.6,NA,0.3,0.5,0.1,1.1,2.8,-806,-357,12.7,8.8,NA,NA,3.6,2.6,23.9,22.2,0.3,0.3,100,100,100,100,100,100,0,0,0,0,8.5,NA,NA,NA,NA,NA,NA,NA,NA,-19.3,NA,25.7,97.6,0.3,342,-40.1,4.9,27.9,NA,-96,31,2,68,13.3,NA,NA,NA,NA,NA,NA,8,85,7,2.3,94.9,5.1,630.6,NA,0,1.8,6.6,NA,NA,89,29,22,-0.4,5.3,75.3,72.1,0.8,1.1,0.4,0.9,0.01,0.01,NA,NA,100,0,NA,NA,5.9,34.6,22.2,9,0.5,94.9
Bulgaria,49,46,NA,608,NA,NA,141.4,125.5,10.7,6.8,98.4,172,0.2,0.7,0,0.1,0.1,0.1,0.6,3.5,66,37,2.9,6.6,NA,NA,2.6,2.4,8.5,5.9,0.9,0.4,100,100,100,100,65,88.7,8,17.7,6.6,18,21,5.6,27.2,15,69,16,10,99.5,98,-37.1,NA,-24.8,12.4,15.8,NA,-49.9,7.9,49.9,NA,227,44,30,22,6,0.1,0.1,22,0.1,0.1,41,2,95,3,8.2,50.6,48,612.5,NA,NA,4,5.3,112.7,100,100,31,25,-2.1,108.6,30.5,35.4,2.3,1.3,31.9,32.2,0.43,0.49,96.9,64.4,100,17.7,1,NA,19.3,14.8,5.9,28.3,1.8,63.4
Burkina Faso,39,44,NA,748,NA,NA,NA,21.8,75.9,29.7,5.7,NA,NA,NA,1.3,NA,NA,NA,NA,NA,NA,NA,NA,NA,583,NA,NA,NA,0.1,0.2,0.1,0.1,9.2,23.7,62.6,8.4,2.8,8.9,85.4,74.2,25.2,9.4,12.5,0.8,6.5,NA,3,NA,NA,79.9,35,261.4,NA,106.6,19.9,70.4,NA,75.3,5.5,89.5,NA,NA,24,2,48,7.3,0.2,0.7,61,0.2,0.4,62,56,33,11,6.8,40.1,31.4,40.9,115.6,23.5,0.1,0.6,0.6,76.9,NA,82,71,2,273.6,22.8,19.3,0.3,0.4,13.5,21.9,0.32,0.32,NA,NA,25.5,74.2,0.7,65.8,41.5,-9,0.2,14.9,0.6,16
Burundi,71,79,NA,NA,223.4,289.2,NA,5.4,92.2,91.8,1.8,NA,NA,NA,2.4,NA,NA,NA,NA,3.3,NA,NA,NA,NA,209,440,NA,NA,0,0,0,0.1,3.1,9.3,59.4,2.2,0.6,0.8,93.2,95.7,98,82.7,10.1,NA,NA,NA,NA,NA,NA,89.8,56.6,123.5,NA,58.4,50.7,22.6,789,17.3,25,60.2,NA,636,NA,NA,111,5.1,0.2,1,62,0.5,0.6,80,56,32,12,6.2,29.1,30.5,18.5,50.3,38.6,0.1,0.7,0.4,83.5,NA,92,87,2.8,25.7,7.7,10.9,14,13.6,37.4,46.7,0.15,0.11,NA,NA,9.3,95.7,NA,57.9,38.7,-19,0,7.6,4.5,2.7
Cabo Verde,18,20,NA,228,34.1,31.7,NA,NA,16.9,13.8,10.9,11.7,2.7,7.2,6.6,0.1,6.5,2.6,0.7,NA,NA,NA,19.5,NA,95,491,3.3,NA,0.3,0.9,0.2,0.2,58.6,90.6,93.6,85.1,56.8,71.1,29,26.6,5.4,20.2,0.3,NA,NA,NA,NA,NA,NA,93.1,75.8,80.8,151,82,3,39.4,81,85,2.7,82.4,NA,-100,17,2,46,2.4,0.3,0.6,54,0.1,0.2,89,20,70,10,5.2,56.8,26,159.1,347.6,15.1,0.8,1.2,16,91,NA,47,34,-0.2,4,20.4,22.5,0.5,1,10.9,12.4,0.1,0.09,NA,NA,92.9,26.6,NA,NA,33.4,11.7,0.9,0,8.6,57.2
Cambodia,28,31,NA,NA,NA,NA,NA,17.4,67.5,31.1,5.9,5.9,0,0.5,0.1,0,0.2,0,0.3,NA,NA,33,NA,7.5,NA,NA,NA,1,0.1,0.4,NA,0.1,16.6,76.8,99.3,70.3,4.7,17.7,81.1,64.9,0.2,46.4,120.6,2.2,1.8,94,2,4,4,97.3,72.9,552.6,NA,137.6,3.7,63.2,NA,329.1,1.7,51.9,NA,NA,34,2,302,6.4,0.1,0.5,53,0.1,0.1,81,26,64,10,6.1,21.8,58.6,77.7,228.6,18.9,0.2,1,4.2,73.3,NA,81,77,1,176.5,65.4,52.9,0.8,0.9,21,21.5,0.3,0.24,25.8,NA,89.1,64.9,0.1,55.1,25.2,13.1,0.4,20.6,NA,32.4
Cameroon,19,21,NA,NA,890.8,NA,NA,9.7,64.9,46.8,0.9,NA,1.7,2.2,0,0,0.4,1.7,1.9,4.3,-120,-28,7.1,9.3,NA,NA,0.3,0.9,0.1,0.3,0,0.1,41,60.1,92.2,20.6,9.9,23,84.5,76.5,98.9,76.1,273,NA,NA,NA,NA,NA,NA,77.3,39,3.5,NA,15.9,13.3,62.3,NA,32.9,1.5,77,NA,-3.6,NA,NA,186,6,1.6,3.6,66,0.7,1.8,52,54,35,11,4.7,13.3,69.5,64.5,169.3,9.3,0.1,0.9,1.2,66,NA,54,44,1.3,472.7,46.8,39.3,2.5,3.3,12.6,13.1,0.38,0.26,NA,NA,61.4,76.5,NA,37.8,73.2,4.5,0.3,10.4,1.2,23.2
Canada,7,7,1.4,537,NA,NA,25.4,87.6,2.1,1.9,159.1,162.5,3.6,5.6,0,0.3,2,3.3,3.7,3.5,-31,-73,3.8,5.7,NA,NA,2.1,1.9,15.7,15.2,0.5,0.4,100,100,100,100,100,100,21.5,22,60.6,63,NA,38.8,1.4,12,80,14,40,99.6,98.9,68.7,NA,38.5,42.1,26.8,NA,-27.5,17.9,65.4,NA,809.1,17,12,6,7.6,NA,NA,NA,NA,NA,69,6,88,6,10.5,73.4,14.6,NA,NA,NA,2.6,9.9,43.9,100,100,21,19,1.1,NA,38.2,38.2,0.7,0.5,5,4.8,1.49,1.21,98.9,82.3,100,22,1.7,NA,6.5,6.5,15.2,6.5,1.7,91
Cayman Islands,11,11,NA,NA,NA,NA,NA,NA,NA,NA,NA,NA,11.7,12.1,NA,8.6,1.6,3.2,10.5,3,NA,NA,NA,NA,249,543,NA,NA,9.9,8.9,NA,0.1,100,100,100,100,NA,NA,0,0,0,0,NA,NA,NA,NA,NA,NA,NA,96.1,NA,3.3,29,63.3,3.2,6.4,14,100.2,25.2,5.2,NA,-100,NA,NA,5,6.8,NA,NA,NA,NA,NA,NA,NA,NA,NA,NA,NA,NA,NA,NA,NA,NA,NA,156.8,NA,NA,0,0,NA,0.2,52.9,52.9,2.1,2.1,0.8,0.8,0,0,NA,NA,100,0,NA,NA,NA,NA,8.9,0.1,8.4,81.1
Central African Republic,8,8,NA,NA,184.4,162.8,NA,0.3,70.5,73.3,NA,NA,NA,NA,0.2,NA,NA,NA,NA,NA,NA,NA,NA,NA,198,301,NA,NA,0.1,0.1,0.1,0.1,6,27.1,48.3,12.6,0.6,1,85.1,76.6,78.5,99.4,141,0.1,0.1,NA,17,NA,NA,64.7,33.7,252.3,NA,102.8,0.5,76,NA,97.4,0.1,77.6,NA,522.7,NA,NA,540,6,2,3.6,59,1,1.5,36,64,26,10,4.3,14.9,43.1,16.4,29.9,40.9,0.1,0.2,0.4,61,NA,62,59,0.9,623,36,35.6,0.2,0.1,3.1,2.9,0.53,0.4,NA,NA,30,76.6,NA,93.3,57,NA,0.1,18.1,19.8,4.3
Chad,39,40,NA,322,NA,NA,NA,NA,83.3,81.3,NA,NA,NA,NA,2.7,NA,NA,NA,NA,NA,NA,NA,NA,NA,143,730,NA,NA,0,0.1,0,0,2.8,10.1,36.2,2.5,3.3,3.1,97.2,89.4,0,0,15,0.9,5.9,NA,12,NA,NA,69.8,29.5,498.7,NA,83,11.5,82.9,NA,84.5,1.1,90,NA,NA,NA,NA,142,6,0.6,1.3,57,0.5,0.8,51,63,27,9,4.5,18.9,61.2,31.7,95,14.6,0,0.4,0.3,12,NA,78,77,2.8,NA,5,3.8,0,0,2.9,3.9,0.43,0.34,NA,NA,10.9,89.4,0.3,88.2,64.8,NA,0.1,20.4,NA,6.5
Channel Islands,37,46,3.7,NA,NA,NA,NA,NA,5,4.4,NA,NA,NA,NA,NA,NA,NA,NA,NA,NA,NA,NA,NA,NA,NA,NA,NA,NA,NA,NA,NA,NA,NA,NA,NA,NA,NA,NA,NA,NA,0,0,NA,NA,NA,NA,NA,NA,NA,NA,NA,NA,NA,NA,NA,NA,NA,NA,NA,NA,NA,NA,NA,NA,NA,3.9,NA,NA,NA,NA,NA,NA,NA,NA,NA,NA,NA,NA,NA,NA,NA,NA,NA,38.7,NA,NA,70,69,1.1,0.2,4,4,NA,NA,19.7,19.7,0.03,0.02,92,90,NA,NA,NA,NA,NA,NA,NA,NA,NA,NA
Chile,21,21,NA,NA,652.1,564.6,28.5,293.8,13.5,9.5,307.3,427.2,0.5,0.4,0.3,0,0.1,0.5,0.2,2.8,43,65,8.5,11.1,NA,NA,2.4,2.3,2.5,4.6,0.3,0.2,97.9,100,100,100,86.1,92.3,31.4,24.9,48.5,43.6,885,35.4,4,83,13,4,5,99.8,100,120.5,NA,53.3,23.7,43.3,NA,69.1,5.9,66.4,NA,92.6,42,34,18,8.6,0.5,0.5,17,0.2,0.1,63,8,85,7,8.5,58.5,34.8,NA,NA,0,1.1,0.9,59.3,99,100,14,12,0.8,743.5,21.3,24.3,0.5,0.6,2.4,1.7,0.11,0.07,98.6,77.5,100,24.9,0.4,NA,20.9,3.6,4.6,27,3.4,82.3
China,55,56,NA,645,NA,NA,98.6,503.3,50,27.7,83.7,83.7,1.2,6.6,8,0.3,2.4,0.9,4.2,NA,-1,15,2,5.7,NA,NA,2.8,3.4,2.2,7.5,1.4,0.6,96.6,100,100,100,46.8,59.3,29.7,12.4,16.6,23.9,NA,594.2,21.3,64,22,13,15,97.7,86.2,220,NA,72.3,48,37.6,NA,72.5,10.5,74.7,NA,306.1,48,2,61,9.2,NA,NA,NA,NA,NA,NA,4,89,7,5,58,35.9,398.3,761.5,0,1.8,2.3,40.1,NA,4,64,41,-2.4,NA,18.9,22.4,1.2,1.7,12.6,12.7,0.09,0.09,NA,72.1,100,12.4,2.1,25.2,52.2,20.1,7.5,14.6,0.7,54.3
"Hong Kong SAR, China",7,5,NA,NA,0,0,NA,NA,0.3,0.2,NA,NA,10.1,10.3,0,5.6,4.4,4.5,5.9,NA,99,99,17.9,26.8,NA,NA,3.2,3.2,4.8,6.4,0.2,0.1,100,100,100,100,NA,NA,0.6,0.9,0,0.3,NA,NA,NA,NA,NA,NA,NA,100,NA,57.4,NA,105.4,25.6,0,476,20.1,41.3,0,NA,-60.4,NA,NA,67,4.5,NA,NA,NA,NA,NA,NA,NA,NA,NA,NA,NA,NA,NA,NA,NA,NA,NA,27.8,NA,NA,0,0,NA,1.1,NA,NA,1,1,4.8,2.9,0,0,100,91.8,100,0.9,0.8,NA,NA,NA,6.4,48.9,0.3,89.4
"Macao SAR, China",NA,NA,NA,NA,NA,NA,0,NA,2.5,2.1,NA,NA,37.5,39.6,NA,17.7,16.3,19.8,23.3,NA,NA,NA,NA,NA,NA,NA,NA,NA,3,2.2,0.1,0,100,100,100,100,NA,NA,0.2,7.1,0,0,NA,NA,NA,NA,NA,NA,NA,100,NA,NA,151,77.2,2.7,0,12,26.9,36.6,0,NA,-310.7,NA,NA,60,4.3,NA,NA,NA,NA,NA,NA,NA,NA,NA,NA,NA,NA,NA,NA,NA,NA,NA,NA,NA,NA,0,0,NA,0,NA,NA,NA,NA,NA,NA,NA,NA,100,NA,100,7.1,0.1,NA,NA,NA,2.2,NA,0.2,83.2
Colombia,38,40,NA,NA,NA,NA,525.5,659.5,20.5,16,82.7,NA,0.6,1.2,0.7,0.1,0.4,0.5,0.8,3.8,-99,-274,10.6,17.8,NA,NA,2.4,2.5,1.7,1.8,0.2,0.1,95.2,98.4,99.8,92.8,79.6,91.8,28,23.6,75.5,68.2,NA,11.8,0.5,54,19,27,23,99.9,86.4,-0.6,NA,35.3,19.2,66.9,NA,26.2,2.8,84.9,NA,-93.1,14,5,33,7.4,0.2,0.4,20,0.1,0.1,73,10,75,15,5.9,62.3,20.2,340.4,829.8,2.1,2.1,1.3,22.7,96.8,98,26,19,-0.2,NA,55.7,52.7,1.6,1.7,2.5,1.5,0.07,0.04,73.2,17,99.6,23.6,0.3,13.1,16.6,2.8,1.8,15.7,26.5,62.3
Comoros,73,71,NA,900,16.1,28.7,NA,NA,55.6,57.1,NA,NA,0.8,0.7,0,0,0.6,0.8,0.1,1.8,NA,NA,59.5,NA,62,154,3.5,NA,0.2,0.2,0.1,0.1,39.7,77.4,93.2,71.1,0.6,9.3,48.3,45.3,0,0,1.2,NA,NA,NA,NA,NA,NA,88.2,76.9,91.7,284,56.7,29.5,32.7,59,41.5,8.4,74.2,120,NA,24,4,35,12.3,0.01,0.1,44,0.1,0.1,79,47,42,11,7.6,14.6,73.1,59,115.8,10.8,0.2,0.9,NA,87.3,NA,72,71,2,1.9,24.2,19.7,28.5,28.5,34.9,34.9,0.12,0.08,NA,NA,79.9,45.3,NA,69.6,20.5,NA,0.2,0.1,NA,8.5
"Congo, Dem. Rep.",11,12,NA,NA,NA,NA,NA,2.5,73.3,68.9,NA,NA,0,0,0,0,0,0,0,NA,-2,2,4.1,2,NA,NA,0.3,0.2,0.1,0.1,0.1,0.1,6.7,18,47.5,0,3.6,4,97.9,95.8,99.9,99.8,900,0.7,0.1,NA,21,NA,NA,69.3,22.8,-41.7,NA,-23.4,9.1,25.1,NA,-22,2.1,31.8,NA,-44.8,NA,NA,321,6,0.3,0.8,72,0.2,0.5,57,62,28,10,3.9,12.3,37.4,20.5,34.5,43.4,0.1,0.5,0.2,24.6,NA,65,56,2.2,NA,69.4,67.2,0.4,0.4,3,3.1,0.14,0.09,NA,NA,19.1,95.8,0.4,74.8,45.5,-4.4,0.1,13.8,NA,8.6
"Congo, Rep.",31,31,NA,NA,24.9,36.3,NA,1.8,40.1,35.9,NA,NA,0,0.5,0.3,0,0.1,0,0.4,NA,NA,-497,15.9,10.3,NA,NA,1.5,1.2,0.5,0.7,0.1,0.1,NA,61.7,82.1,22.2,10,24.1,64.9,62.4,99.7,53.3,222,NA,NA,NA,NA,NA,NA,87.1,45.7,-43.8,NA,-0.5,56.2,23.1,NA,-32,2.7,52.7,NA,-57.8,52,2,375,6,1.6,2.6,67,0.5,1.6,35,56,35,10,4.6,42.3,49.7,70.4,263.3,3.3,0.1,1.7,0.2,96,NA,41,33,1.2,341.5,66,65.4,0.1,0.2,1.4,1.6,0.16,0.11,45.4,NA,66.2,62.4,NA,46.9,45.7,-40.4,0.7,36.8,NA,8.7
Costa Rica,36,34,NA,NA,54.7,53.1,NA,604.9,15.9,12.2,NA,NA,0.6,0.4,0.7,0,0.2,0.6,0.1,4.5,59,50,14.4,13.9,NA,NA,1.8,1.6,0.9,1.6,0.1,0.1,98.2,99.5,99.8,98.5,87.8,93.5,32.9,38.7,99.1,99,113,2.3,2.1,57,11,32,18,99.7,99.5,42.8,NA,-38.6,12.1,65,NA,-15.8,5.9,80.4,849,838.3,17,6,10,9.1,0.4,0.4,20,0.1,0.1,49,6,83,10,7.6,74.8,22.1,888.9,NA,0.3,1.1,0.8,25.5,100,91,41,21,-2.7,51.1,46.5,54.6,5.5,6.1,4.1,4.8,0.05,0.05,93.8,NA,99.6,38.7,0.4,5.5,15.7,15.9,1.6,3,11.6,71.4
Cote d'Ivoire,62,65,NA,NA,759.7,NA,NA,51.7,47.9,48.9,30,32.1,0.2,3.8,0,0,0.2,0.1,3.5,2.5,22,7,9,5,NA,NA,1.2,0.8,0.4,0.5,0.1,0.2,47.6,64.3,92,36.7,18.4,18.2,63.7,64.5,36.8,16.7,76.8,1.5,2,NA,21,NA,NA,87.7,57.8,-78,NA,33.9,24.7,15.1,NA,31.7,2.8,27.9,-698,-100,NA,NA,142,2.4,1.08,2.6,61,0.6,1.2,55,52,37,10,4.4,25.8,40.1,67.6,162.6,15,0.2,0.9,2.8,72,NA,57,49,1.6,318,32.5,32.7,11.9,14.2,8.8,9.1,0.17,0.12,36.5,NA,65.6,64.5,0.1,56,26.7,16.6,0.5,14.9,NA,43.8
Croatia,21,28,1,NA,578.9,532.8,30.1,119.3,15.6,7.6,27.3,49.4,1,1.8,0,0.2,0.9,0.8,1,NA,40,46,NA,10.7,NA,NA,2.2,2.1,3.6,4,NA,0.2,100,100,100,100,80.4,92.7,26.8,33.1,57.3,66.8,37.7,0.6,1.7,1,20,80,91,99.6,99.6,-12.4,NA,13,48.7,28.7,NA,-39.7,7,52.4,NA,-90,40,34,8,5.4,0.04,0.1,11,0.1,0.1,75,2,92,5,7.2,78.2,15.4,884.5,NA,NA,3,8.1,81.2,100,100,47,43,-1.5,56,33.7,34.4,1.2,1.3,15.1,15.6,0.19,0.21,90,58.5,100,33.1,0.8,NA,17.8,10.8,4,23.6,0.9,67.1
Cuba,63,60,NA,NA,320.6,316.7,475.5,49.4,24.6,18.6,216.6,203.2,8.5,2.9,0.7,0.2,1.5,8.3,1.4,4.5,57,50,NA,NA,NA,NA,1.9,3,3.1,3.1,NA,NA,97,99.6,100,98.5,68.3,79.4,34.4,19.3,6.9,3.9,38.1,7,18.3,65,11,24,10,96.8,90.3,-8.1,NA,-29,10.1,59.6,NA,-39.1,2.7,75.7,NA,-68.6,53,17,7,9.6,0.3,0.4,18,0.1,0.1,72,8,84,8,12.2,89.6,10.3,970.6,NA,0.1,8.2,7.8,100.9,100,98,25,23,-0.3,104,22.7,31.3,5.1,4.6,32.6,28.7,0.31,0.26,NA,44.3,100,19.3,0.4,NA,19.7,NA,3.1,7.2,5.4,57.1
Curacao,NA,NA,NA,NA,NA,NA,NA,NA,NA,NA,NA,NA,NA,NA,NA,NA,NA,NA,NA,NA,100,100,NA,2.1,NA,NA,NA,3,NA,37.7,NA,1.4,100,100,100,100,NA,NA,0.1,0.3,0.7,3.7,NA,NA,NA,NA,NA,NA,NA,NA,NA,NA,NA,NA,NA,NA,NA,NA,NA,NA,NA,NA,NA,NA,6,11.6,NA,NA,NA,NA,NA,NA,NA,NA,NA,NA,NA,NA,NA,NA,NA,NA,NA,NA,NA,NA,9,11,0.3,0.4,NA,NA,NA,NA,NA,NA,NA,NA,NA,NA,100,0.3,NA,NA,NA,NA,37.7,0.3,NA,68.1
Cyprus,15,12,22.3,498,59.2,23.3,NA,196.7,5.3,3.6,NA,NA,1.7,5.6,0,0.9,0.6,0.8,5.1,NA,100,94,9.5,12.7,NA,NA,3.2,3.1,5.7,5.3,0.3,0.2,100,100,100,100,100,100,3.1,9.9,0,8.8,0.8,0.2,28.4,66,2,33,105,99.5,99.7,44.8,642,45.7,2.4,37.8,315,31.1,14.2,63.5,-784,NA,53,20,5,9,NA,NA,NA,NA,NA,NA,4,91,5,6.9,42.2,44.9,NA,NA,1.2,2,5.3,84.4,100,86,31,33,0.9,9.2,18.6,18.7,4.5,2.8,10.6,9.2,0.1,0.07,99.6,75.5,100,9.9,0.5,NA,17,3.2,5.3,1.7,1.3,80.7
Czech Republic,55,45,0.5,677,NA,NA,664.5,196.1,4.9,2.9,298.2,262.3,NA,NA,0.2,NA,NA,NA,NA,2.8,17,32,4.2,7.9,NA,NA,3.2,2.3,13.4,9.2,0.8,0.3,100,100,100,100,93.2,97.1,5.9,14.8,3.1,11.4,13.2,1.7,12.5,3,NA,NA,126,99.9,99.8,-29.2,NA,-34.8,43,29.5,NA,-26.9,23.5,50.3,NA,645.7,38,31,5,7,0.09,0.1,11,0.1,0.1,60,5,90,5,7.1,81.9,15,NA,NA,NA,4.3,8.4,124.5,100,100,26,26,-0.2,77.2,34.1,34.6,1,0.6,42,32.3,0.32,0.24,97.9,94.5,100,14.8,1.9,NA,16.1,10.3,9.2,22.2,0.8,78.7
Denmark,63,62,4.8,703,NA,NA,NA,131.1,3.2,2.5,540.2,486.3,14.5,16.3,0,2.9,5.2,11.6,11.1,NA,42,2,10,16.3,NA,NA,2.9,2.1,9.8,5.9,0.3,0.1,100,100,100,100,100,100,10.7,33.2,15.5,65.5,6,0.6,10.6,25,20,55,513,100,100,-25.9,NA,-4.7,16.6,65.1,NA,-35.6,9.6,79.8,NA,-43.9,19,19,5,8.3,0.05,0.1,26,0.1,0.1,89,7,90,4,10.4,84.1,13.7,NA,NA,NA,4.5,10.3,69,100,98,15,12,-0.4,42,13.8,14.7,0.2,0.1,53.8,56.6,0.43,0.41,96.7,94.8,100,33.2,3.1,NA,10.1,18.3,5.9,17.9,1.1,97.1
Djibouti,73,73,NA,220,0,0,NA,NA,56,50.9,80,46.2,0.7,12.4,6.8,0.1,1,0.6,11.4,NA,NA,NA,NA,NA,323,722,2.5,NA,0.5,0.8,NA,NA,56.4,58.7,68.7,23.9,5.3,11.5,31.4,15.4,0,0,0.3,NA,NA,NA,NA,NA,NA,83.9,47.1,51.9,634,51.8,16.5,62.8,257,37.4,3.6,83.7,534,-71.7,25,2,260,5.1,0.8,1.2,58,0.4,0.6,30,45,44,10,3.5,45.8,25.8,70.2,122.1,27.8,0.2,0.5,4.4,NA,NA,23,22,1,23.2,0.2,0.2,NA,NA,0,0.1,0,0,NA,36.4,60.2,15.4,NA,65.6,45.9,-1.8,0.8,1.2,NA,55.7
Dominica,29,33,NA,NA,0.1,0.1,NA,88.1,NA,NA,NA,NA,0.8,1,NA,0.3,0.5,0.5,0.5,NA,NA,NA,22.1,NA,59,136,2.8,NA,0.8,1.9,0.1,0.2,80.9,100,99.9,100,78.4,90.6,11,7.8,41.6,16.2,0.2,0,10,5,0,95,25,NA,NA,70.5,41,11.7,2.9,49.1,21,-13.9,5.7,56.6,3,-100,NA,NA,6,11.6,NA,NA,NA,NA,NA,NA,NA,NA,NA,5.3,64.3,29.1,419.4,580.7,5.4,1.1,5.9,11.3,NA,100,35,30,-0.8,0.8,63.1,57.4,18.7,22.7,6.7,8,0.07,0.08,NA,NA,100,7.8,NA,NA,20,NA,1.9,0.7,12.3,69.6
Dominican Republic,52,49,NA,NA,176.4,190.3,NA,88.1,15.2,8.9,20.8,20.8,1.7,1.2,0.1,0.1,0.7,1.6,0.5,3,76,87,9.8,17.1,NA,NA,2.3,2.8,1.3,2.1,0.2,0.2,88.8,98.9,99.9,95,80.2,90.4,18.4,16.5,9.1,11.6,23.5,7.1,30.4,80,8,12,8,98.3,90.3,96.4,NA,14.3,17.1,55,NA,2.8,9,73.4,NA,-69.7,19,9,45,8.6,0.4,0.9,49,0.3,0.3,56,16,72,12,6.2,45.7,44.6,414.2,936.8,0.6,1.6,0.3,NA,88,56.9,38,19,-3,48.3,30.8,41.7,8.7,7.3,18.6,16.6,0.11,0.08,NA,NA,100,16.5,NA,12.1,13.7,17.3,2.1,19.2,15.2,67.6
Ecuador,30,22,16.1,NA,845,706.1,NA,345.4,29.7,26.9,90.7,90.7,1.5,5.2,0.3,0.2,1.4,1.3,3.8,4.8,-159,-115,12.1,12.2,NA,NA,2.7,3.1,1.6,2.8,0.2,0.3,93.5,98.7,99.8,96.8,87.2,95.6,20,13.8,71.7,52.8,442.4,9.9,2.2,NA,6,NA,NA,100,83.5,70.9,NA,43.7,22.7,65,NA,70.1,3.9,85.6,NA,-84.8,12,2,44,5.5,0.2,0.4,30,0.1,0.1,57,15,72,13,8.4,51.2,40.5,504.8,942.9,0.4,2.1,1.2,59.4,82,80,40,36,1.3,248.4,55.3,50.2,5.5,5.8,6.5,3.9,0.13,0.06,75.1,42,100,13.8,0.4,36,15,11.4,2.8,15,6.5,57.3
"Egypt, Arab Rep.",3,4,NA,51,NA,NA,54.8,649.2,27.5,25.6,307.9,390.6,1.6,21.5,0,0.3,12.3,1.3,9.3,NA,-70,-7,10.3,12.1,NA,NA,2.4,2.7,1.4,2.2,0.2,0.2,97.7,100,100,100,83.3,97.6,8.1,5.7,17.7,8.3,1.8,73.8,NA,86,3,12,3,99.5,98.8,112.4,NA,92.6,55.3,29.3,NA,31.7,6,67.3,NA,91.8,50,0,12,17.2,0.06,0.1,30,0.1,0.1,31,10,84,6,4.6,29.3,62,131,516.3,1,0.8,1.4,50.1,99.4,95,57,57,2,995.5,0.1,0.1,0.5,1,2.8,2.8,0.04,0.03,NA,60.7,100,5.7,0.7,10.6,88.1,1.2,2.2,11.6,2.5,45
El Salvador,75,76,1.4,NA,328.7,390.8,NA,132.4,19.7,18.7,NA,NA,0.8,0.5,0.4,0.1,0.4,0.7,0.1,3.3,31,49,9.6,10.6,NA,NA,1,1.5,0.5,1,0.1,0.1,84.5,96,98.4,90.3,56.5,86,50.9,24.4,58.1,57.8,15.6,2.1,13.6,NA,10,NA,NA,99.5,92.2,88.1,NA,13.4,15.2,53.9,NA,5.7,8.1,75.4,NA,75.3,19,3,70,8.8,0.2,0.6,37,0.2,0.1,47,11,74,15,7,64.5,27.2,293.9,599.5,2.3,1.6,2.3,22.3,99,78,41,28,-2.1,20.7,16,12.6,12.1,10.1,31.4,35.6,0.11,0.12,NA,NA,99.5,24.4,0.1,NA,24.7,6.4,1,2.2,105.4,33.8
Equatorial Guinea,12,10,NA,NA,NA,NA,NA,NA,47.1,41.5,NA,NA,0.3,0.9,NA,0,0.4,0.2,0.6,NA,NA,NA,NA,NA,66,NA,NA,NA,0.2,4.8,0.2,0.2,NA,66.9,91.6,6,23,34.4,52.6,7.8,13.9,57.8,26,NA,NA,NA,NA,NA,NA,78.1,30.8,NA,NA,NA,92.2,0.3,37,104.1,57,27.2,NA,-100,NA,NA,201,6,6.2,7.1,52,1.8,3.3,34,53,36,11,3.4,23.5,72.8,281.4,838.7,1.2,0.4,0.5,NA,54,NA,51,28,1.9,28.1,62.1,55.5,3.6,2.1,4.6,4.3,0.21,0.1,NA,NA,67.2,7.8,NA,66.2,54.5,NA,4.8,1.8,NA,26.2
Eritrea,75,75,NA,384,344.6,470.7,NA,2.8,62.3,63,8.3,8.3,1.2,0.8,7.3,0,0.6,1.2,0.2,NA,19,22,3.9,NA,NA,697,NA,0.9,NA,NA,NA,NA,29.2,47.2,76.6,28.5,6.1,16.3,76.8,79.8,0.5,0.5,2.8,NA,20.8,NA,NA,NA,NA,89.7,27.8,49.3,NA,39.8,19.6,65.6,NA,22.2,5.7,88.3,199,NA,11,0,89,5.1,0.2,0.7,61,0.2,0.3,51,43,45,12,3,29.2,59.1,29.9,55.3,11.7,NA,NA,0.4,NA,NA,73,NA,NA,101,15.6,14.9,0,0,5.5,6.8,0.24,NA,NA,NA,48.4,79.8,NA,NA,48.7,NA,0.2,3,NA,1.3
Estonia,16,23,0.2,626,259.2,351.4,NA,112.7,6.6,3.9,600.5,603.5,1.8,2.9,0,0.1,0.8,1.7,2.1,NA,45,-3,NA,6.6,NA,NA,3.6,3.2,15.6,14.8,NA,0.6,100,100,100,100,79.4,92.9,19.8,27.5,0.2,14.4,12.7,1.7,13.5,0,96,3,13,100,99.2,-58.2,NA,-34.4,40.9,29,951,-52.3,14.2,65.3,-99,-99.5,39,25,13,4.2,0.5,0.9,35,0.1,0.1,59,3,93,5,6.7,75.4,22.7,NA,NA,0.2,3.5,6.5,65,100,100,31,31,-0.3,43.5,52.9,51.3,0.3,0.1,19.9,16,0.6,0.53,93.3,97.4,100,27.5,1.5,NA,6.8,15.2,14.8,19.5,3.4,88.1
Eswatini,71,71,NA,788,69,78.1,NA,NA,15.4,13.2,219.8,87.1,0,0,9.2,0,0,0,0,NA,NA,NA,15,NA,425,NA,1.4,NA,0.5,1.1,0.1,0.1,26.9,69.8,89.6,63.7,27.2,49.7,48.2,66.1,40.9,46.6,2.6,NA,NA,NA,NA,NA,NA,96.8,60.4,175.3,NA,61.3,16.7,70.8,NA,57.7,4.7,88.3,NA,NA,17,2,329,4.5,15.4,27.3,63,3.1,15.9,86,54,37,10,7.7,69.3,9.9,220.6,663.3,13.8,0.1,2,0.2,54,NA,77,76,0.8,17.2,30.1,34.3,0.8,0.9,10.3,10.2,0.18,0.16,NA,NA,73.5,66.1,0.3,32.7,17.1,0.8,1.1,4.2,8.5,47
Ethiopia,30,36,NA,848,NA,NA,NA,14.4,76.9,68,NA,NA,0,0,3.3,0,0,0,0,NA,4,6,1.4,2.9,NA,NA,0.1,0.2,0.1,0.1,0.1,0.1,12.7,42.9,85.4,32.4,1.1,3.5,96,92.2,98.6,100,122,10.6,6.4,92,1,NA,5,80.3,31.1,NA,39,16.8,0,36,7,7.3,0,86.6,NA,-100,9,0,151,4.3,0.4,1,63,0.2,0.4,65,49,39,12,4,27.6,37.4,27.5,69.5,15.3,0.1,0.8,0.5,2.7,NA,85,79,2,NA,13.7,12.5,0.7,1.1,10,15.1,0.15,0.15,11.4,NA,44.3,92.2,0.3,73.9,39.2,9.3,0.1,18.5,NA,18.6
Faroe Islands,2,2,NA,NA,NA,NA,NA,NA,NA,NA,NA,NA,7.7,6.8,NA,1,4.5,6.7,2.3,NA,NA,NA,NA,NA,711,598,NA,NA,15,12.5,NA,NA,100,100,100,100,NA,NA,2.8,7.5,36.2,60.1,NA,NA,NA,NA,NA,NA,NA,NA,NA,-3,715,12.5,2.3,78.4,344,-3,2.4,91.4,-97,-35,NA,NA,NA,4.7,NA,NA,NA,NA,NA,NA,NA,NA,NA,NA,NA,NA,NA,NA,NA,NA,NA,NA,NA,NA,64,58,0.1,1.4,0.1,0.1,NA,NA,2.1,2.1,0.06,0.06,NA,NA,100,7.5,NA,NA,NA,NA,12.5,0,NA,97.6
Fiji,23,23,NA,NA,5.7,2.3,NA,46,45.2,40,357.6,354,3.1,4.9,1.7,0.6,1.9,2.5,3,2.8,NA,NA,15,NA,814,NA,2.8,NA,1.1,1.4,0.2,0.2,75.8,96.7,99.4,93.4,31.1,39.6,52.9,31.3,60.2,45,28.6,0.1,0.3,NA,11,NA,NA,97.8,88.7,-8.6,NA,-15.1,8.8,20.6,NA,-29,28.7,41.2,NA,104.1,35,10,54,14.7,NA,NA,NA,NA,NA,NA,10,84,5,3.5,63.9,20.6,179.9,313.2,3.1,0.8,2.9,5.4,NA,100,52,44,-0.5,18.3,53.7,55.9,4.5,4.7,9.3,9,0.21,0.19,NA,NA,96,31.3,NA,NA,11.1,8.1,1.4,1,2.3,50
Finland,7,7,NA,536,NA,998,45.5,80.5,5.5,3.9,778.9,783.5,0.5,1.9,0,0.1,0.3,0.4,1.5,3.5,57,45,5.1,6.6,NA,NA,1.8,1.4,10.4,8.7,0.4,0.2,100,100,100,100,100,100,31.7,43.2,33.4,44.5,107,6.6,6.1,1,NA,6,38,100,100,-10,NA,7.2,42.6,43.5,NA,-50.1,7.7,70.9,NA,78.4,23,18,5,5.6,0.07,0.1,28,0.1,0.1,76,1,93,6,9.5,77.4,20.4,NA,NA,0,3.8,14.7,76.3,100,100,18,15,-0.2,303.9,73.7,73.1,0,0,7.2,7.4,0.42,0.41,99.6,99.2,100,43.2,2.9,NA,5.9,10.2,8.7,14.2,1.5,87.5
France,54,52,NA,867,NA,NA,221.8,163.1,4.1,2.9,688.7,640.1,1.6,2.9,0,0.6,0.7,1,2.2,NA,50,44,7.7,10.3,NA,NA,1.7,1.2,6.5,4.6,0.2,0.1,100,100,100,100,100,100,9.3,13.5,13,15.9,200,29.8,14.9,10,71,18,91,100,100,-39.9,99,40.1,2.1,26.5,37,1.7,11.2,48.5,NA,-100,36,30,9,4.8,0.2,0.3,26,0.1,0.1,83,6,88,6,11.5,82.9,9.8,NA,NA,0,3.2,9.7,58.6,100,100,24,20,-1.2,547.6,27.9,31.2,2.1,1.8,33.5,33.5,0.3,0.27,97.9,88.4,100,13.5,2.3,NA,11.9,9.3,4.6,33.2,1.6,80.5
French Polynesia,12,12,NA,NA,NA,NA,NA,252,9.4,8.5,910,NA,19.9,5,NA,0,4.7,19.9,0.3,NA,NA,NA,NA,NA,436,803,NA,NA,2.2,3,NA,NA,100,100,100,100,NA,NA,9.9,9.8,33.3,32,10,NA,NA,NA,NA,NA,NA,NA,NA,181.6,NA,11.9,53.9,3.9,838,172.8,2.9,18.1,NA,466.1,NA,NA,22,19.5,NA,NA,NA,NA,NA,NA,NA,NA,NA,NA,NA,NA,NA,NA,NA,NA,NA,32.6,NA,NA,44,38,0.4,3.7,28.7,42.3,5.5,6.3,0.8,0.7,0.01,0.01,NA,NA,100,9.8,NA,NA,NA,NA,3,0,NA,72.7
Gabon,20,20,NA,NA,17.3,28.8,NA,26.8,41.8,38.1,NA,NA,0.3,4.9,NA,0,1.3,0.3,3.6,NA,NA,-213,15.7,6.2,NA,NA,3.8,1,4.7,2.8,0.2,0.2,73.6,91.1,97.1,44.4,58.7,79.1,72.8,82,61.6,43.7,164,0.1,0.1,NA,10,NA,NA,89.6,55.1,196.7,NA,69.2,19.2,62.1,500,50.9,3.9,85.4,NA,NA,NA,NA,525,6,1.5,3.8,69,0.5,1.9,67,50,41,9,3.1,64.6,22.5,220.4,555.6,0.9,0.4,2.6,NA,89.6,NA,21,11,-1,257.7,85.4,90,0.7,0.7,1.3,1.3,0.26,0.16,NA,NA,92.2,82,NA,37,43.7,NA,2.8,25.1,NA,62
"Gambia, The",51,60,NA,836,145,260.8,NA,1.2,31,30,NA,NA,16.8,23.5,0.2,0.7,8.4,16.1,15.2,NA,NA,NA,37.9,NA,176,513,2.8,NA,0.2,0.3,0.1,0.1,34.3,54.7,75.8,23.3,3.2,3.3,63.1,51.5,0,0,3,NA,NA,NA,NA,NA,NA,87.5,63.4,-61.7,NA,-0.3,39.2,50,NA,-19.7,3.2,53.7,222,8.3,31,1,174,1.9,1.8,1.9,61,0.2,0.6,29,55,34,11,4.4,18.6,23.6,20.9,74.3,43.8,0.1,1.6,1.8,72,NA,52,39,1.2,10.1,45.6,48.4,0.5,0.5,27.7,43.5,0.21,0.2,NA,NA,56.2,51.5,NA,34.8,32.6,NA,0.3,1.4,NA,19.8
Georgia,43,34,NA,NA,355.7,171.5,37.7,170.8,53.8,46.8,216.9,216.9,1.3,2.8,0.8,0.2,1,1.1,1.8,2.8,84,69,3.2,7.8,NA,NA,1.8,2,3.1,2.4,0.9,0.3,99.9,100,100,100,41.2,77.8,47.3,28.7,78.9,78,58.1,1.8,3.1,NA,22,NA,7,100,96.2,-24.2,NA,-51.8,26.6,50.2,NA,-39,11.4,57.5,NA,-44.2,56,5,80,5.8,0.3,0.4,32,0.1,0.1,49,3,94,4,8.4,36.6,55.6,308,797.2,2.3,5.1,4.1,130.4,100,98,47,41,-0.9,69.5,39.7,40.6,3.9,1.6,11.4,5,0.19,0.09,80,27.2,100,28.7,0.3,NA,21.8,12.5,2.4,6.4,1,59.7
Germany,49,48,2.7,700,NA,NA,53.5,197.2,2.5,1.3,838.3,838.3,4.5,4,0,0.9,1,3.6,3,4.3,47,61,7.1,11.5,NA,NA,2.7,2.4,11.6,8.9,0.4,0.2,100,100,100,100,100,100,3.7,14.2,6.2,29.2,107,33,30.8,1,NA,NA,103,100,100,265.4,NA,166,13.5,60.2,NA,244.9,2.3,78.3,NA,350.5,33,28,7,10.4,0.06,0.1,20,0.1,0.1,80,5,91,4,11.1,84.7,12.4,NA,NA,NA,4.2,13.2,108,100,100,25,23,0.1,349.4,32.5,32.7,0.6,0.6,33.8,33.7,0.14,0.14,99.8,97.2,100,14.2,2.9,NA,11.9,14.1,8.9,38.8,0.8,84.4
Ghana,64,69,0.2,NA,NA,NA,NA,20.9,55,34.7,4.9,4.5,0.6,2.6,1,0.1,0.8,0.5,1.8,3.3,17,-8,5.3,11.4,NA,NA,0.7,1.6,0.3,0.5,0.1,0.1,43.7,79.3,89.8,66.6,5.9,21.7,71.6,41.4,91.5,50.9,30.3,NA,NA,NA,NA,NA,NA,92.7,67.5,4,NA,6.7,22.5,45.2,NA,-42.1,14.4,60.9,NA,-41.1,8,0,148,2.5,1.1,1.7,67,0.4,1,34,48,43,10,4.4,38.4,37.8,67.5,189.4,12.8,0.2,1.2,NA,70.5,NA,56,44,0.7,227.5,39.2,41.2,9.4,11.9,17.4,20.7,0.2,0.17,36.4,NA,79,41.4,NA,37.9,36.3,-8.4,0.5,7.8,1.9,39
Greece,65,48,19.7,652,NA,979.1,115.4,123,15.2,12.4,925.9,NA,3.1,4.5,0,0.8,1.6,2.3,2.9,NA,57,64,9.8,11.1,NA,NA,3.5,2.9,7.3,6.2,0.4,0.3,100,100,100,100,88.2,94.3,7.5,17.2,7.8,28.7,58,9.6,16.5,88,3,9,35,100,100,NA,29,21.2,0,11.8,231,31.7,0,0.6,NA,NA,52,35,5,4.7,NA,NA,NA,NA,NA,NA,11,86,3,8.5,60.7,34.3,NA,NA,0.3,4.6,3.4,163.5,100,100,27,21,-1.8,128.9,27.9,31.7,8.6,8.6,21.3,16.6,0.25,0.2,100,90.4,100,17.2,1,NA,16.3,-3.1,6.2,11,0.8,70.5
Greenland,1,1,NA,NA,NA,NA,NA,NA,NA,NA,NA,NA,10.1,46.5,NA,0,25.7,10.1,20.7,NA,NA,NA,NA,NA,554,506,NA,NA,10,9,NA,NA,100,100,100,100,NA,NA,12.2,15.5,57.4,81.3,603,NA,NA,NA,NA,NA,NA,100,100,359.9,37,48.2,15.3,21.9,26,168.8,10.7,21,193,50.3,NA,NA,100,2.1,NA,NA,NA,NA,NA,NA,NA,NA,NA,NA,NA,NA,NA,NA,NA,NA,NA,NA,NA,NA,18,13,-2.1,410.5,0,0,NA,NA,0,0,0.01,0.02,96.7,94.8,100,15.5,NA,NA,11.6,NA,9,22.4,7.1,69.5
Grenada,38,24,NA,NA,0.3,0.3,NA,NA,NA,NA,120,NA,1.8,1.9,NA,0.5,1.4,1.4,0.5,NA,NA,NA,16.4,NA,106,242,2.5,NA,1.1,2.2,0.2,0.2,86,93.7,92.2,94.5,92.9,96.6,10.5,10.9,0,0,0.2,0,7.1,15,0,85,60,NA,NA,42.7,71,53.8,0.1,2.6,2,30.3,0.4,84.7,0,-100,NA,NA,2,10.7,NA,NA,NA,NA,NA,NA,12,81,7,5.2,41.3,57.8,516.4,745.1,0.9,1.4,3.1,12.6,NA,100,64,64,0.4,0.3,50,50,29.4,11.8,2.9,8.8,0.01,0.03,87.1,NA,94.7,10.9,NA,NA,22.9,NA,2.2,0.2,5.6,59.1
Guam,37,33,NA,NA,0,0,NA,NA,0.5,0.3,NA,NA,1.6,1.2,NA,0.7,0.6,0.9,0.6,NA,NA,NA,NA,NA,NA,NA,NA,NA,NA,NA,NA,NA,100,100,100,100,NA,NA,0,0,0,0,NA,NA,NA,NA,NA,NA,NA,NA,NA,111.4,NA,43.3,19.4,53.4,NA,84.6,7.3,60.5,NA,35.9,NA,NA,49,18.7,NA,NA,NA,NA,NA,NA,NA,NA,NA,NA,NA,NA,NA,NA,NA,NA,NA,NA,NA,NA,7,5,-0.6,0.5,46.3,46.3,18.5,16.7,3.7,1.9,0.01,0.01,99.5,NA,100,0,NA,NA,11.7,NA,NA,0.1,NA,80.5
Guatemala,42,36,NA,NA,644.5,923,NA,303.2,35.5,29.4,NA,NA,0.4,0.2,1.3,0,0.2,0.4,0,3.3,23,33,10.7,8.6,NA,NA,1.2,1.4,0.5,1.2,0.1,0.2,73.3,91.9,96.8,86.9,39.3,45.2,62.7,63.7,51.7,60.4,109.2,3.3,3,57,18,25,11,97.9,90.4,55.5,NA,228.8,4.7,46.1,NA,269.6,0.9,59,NA,1,NA,NA,26,10,0.2,0.4,43,0.1,0.1,43,25,59,16,5.8,37.2,53.3,241.4,462.4,0.9,0.4,0.9,3.4,96,92,55,49,1.2,107.2,39.3,32.7,5.3,11,13,8,0.12,0.05,56,NA,93.3,63.7,0,34.5,23.8,1.9,1.2,10.1,29.4,65
Guinea,56,59,NA,NA,NA,NA,NA,1.6,70.4,68,25.1,25.1,0.9,6,0.2,0,1,0.9,5,NA,NA,NA,NA,NA,NA,NA,NA,NA,0.2,0.2,0.1,0.1,16.5,33.5,82.2,6.7,1.2,1.2,85.6,76.3,56,78.8,226,NA,NA,NA,NA,NA,NA,85.5,48.7,366.9,NA,64.9,3.5,80.1,990,87.8,1.7,90.1,NA,NA,NA,NA,176,2.4,0.8,1.4,62,0.3,0.8,40,56,35,9,5.5,12.3,49.8,37.5,107.7,27.2,0.1,0.4,NA,62,NA,69,64,2.3,245.7,28.1,25.8,2.6,2.8,8.7,12.6,0.26,0.26,NA,NA,35.4,76.3,NA,43.3,24.8,-6.5,0.2,24.8,NA,18
Guinea-Bissau,57,58,NA,NA,141.9,146.3,NA,NA,70,68.5,0.7,NA,6.5,15.3,0.5,0.1,12,6.4,3.3,1,NA,NA,21.3,NA,172,271,2.3,NA,0.2,0.2,0.1,0.1,NA,23.2,43.2,8.4,1.4,1.5,91.2,86.9,0,0,16,NA,NA,NA,NA,NA,NA,84.1,53.5,-63.3,NA,69.1,5.4,70.2,NA,3.1,1.3,82.9,-832,-99.9,NA,NA,361,2.4,2,3.5,61,0.9,1.4,33,62,30,8,6.1,44.3,35.4,39.1,98,20.3,0.2,1.4,NA,24,NA,64,57,1.8,28.1,75.4,69.8,8.8,8.9,10.7,10.7,0.25,0.17,NA,NA,26,86.9,NA,82.3,29.6,-11,0.2,11.6,2.7,3.9
Guyana,9,9,NA,NA,109.1,153.2,NA,44.6,22.2,18.9,NA,NA,2.4,27.9,7.2,0.2,17.2,2.2,10.7,NA,NA,NA,5.6,NA,NA,NA,3,NA,1.5,2.6,0.5,0.4,74.5,89.6,96,87.3,36.3,74.5,39.5,25.3,0,0,241,1.4,0.6,94,1,4,2,100,93.9,64.9,NA,38.7,20,50.1,NA,64.3,7.9,81.8,482,NA,NA,NA,83,11.6,0.8,1.4,48,0.3,0.4,68,20,68,12,4.2,58.9,35.1,192.3,332.7,5.9,0.8,1.3,8.8,89,81,71,73,0.4,196.9,84.4,83.9,0.1,0.3,2.3,2.1,0.6,0.54,NA,NA,90.9,25.3,NA,33.1,22.4,14.1,2.6,5.3,19.4,37.3
Haiti,61,67,NA,NA,408.5,514.3,NA,NA,50.4,49.8,1.6,NA,1.6,1.9,0.8,0.1,1,1.5,0.8,NA,20,22,9.3,4.2,994,NA,0.6,0.7,0.1,0.3,0.1,0.2,33.7,40.4,76.4,0,3.2,4.3,76,76.1,51.7,8,13,1.5,11.1,83,4,13,5,84.6,42.6,49.2,NA,47.2,8.5,76.6,NA,32.1,3.9,75.7,NA,-67.1,23,3,176,6.7,1.1,2,58,0.5,1.1,58,30,57,13,5.4,15.3,41.7,37.7,95.4,38.4,0.2,0.7,5.9,84.8,NA,64,45,-0.8,27.6,4,3.5,10.9,10.2,32.7,38.8,0.11,0.1,NA,NA,43.8,76.1,NA,74.4,15.1,17.6,0.3,0.4,10,12.3
Honduras,27,29,NA,NA,431.6,423.2,NA,164.3,38.8,27.4,48.7,48.7,2,0.9,1.3,0,0.7,2,0.2,3.8,29,53,6.7,7,NA,NA,1.1,1.8,0.5,1.1,0.2,0.3,67.4,91.6,99.1,82.1,29.9,53.1,55.1,51.5,61.9,42.3,90.7,NA,1.8,NA,NA,NA,NA,99.4,88.9,-35.4,NA,-29.1,29,31.5,NA,-59.7,6.7,80.2,NA,20.2,NA,2,37,7.3,0.1,0.3,40,0.2,0.1,50,14,67,20,8.4,45.9,45,199.6,400.3,3.1,0.3,0.9,13.7,93.6,17,55,43,0.2,111.9,57.1,40,3.2,4.1,9.5,9.1,0.16,0.11,NA,NA,86.5,51.5,0,27.5,21.1,19.5,1.1,10.9,57.5,31.7
Hungary,65,58,1.8,589,NA,NA,138.8,128.3,6.1,5,246.2,261.8,NA,NA,0.1,NA,NA,NA,NA,NA,49,58,5.7,10.4,NA,NA,2.4,1.8,6.7,4.3,0.4,0.2,100,100,100,100,100,100,5.2,15.6,0.7,10.6,6,5.1,84.2,6,79,14,26,100,100,-74.7,359,5,0.9,57,369,-9.7,3.9,85.8,NA,-98.6,35,27,6,6.9,0.04,0.1,16,0.1,0.1,56,2,94,4,7.4,65.9,29.7,942.6,NA,0,3.2,6.6,55.7,100,100,35,29,-1.2,90.5,21.4,22.9,2.2,1.9,51.4,47.8,0.45,0.44,89.6,95.7,100,15.6,1.4,NA,15.9,13.2,4.3,22.6,2.3,76.8
Iceland,19,19,NA,NA,NA,NA,NA,181.5,7.4,3.9,699.1,921.9,2.2,7.6,NA,0,4.6,2.2,3,NA,29,12,3.4,2.5,NA,NA,0.9,0.3,7.8,6.1,0.3,0.1,100,100,100,100,100,100,60.7,77,99.9,100,170,0.3,2.1,0,71,29,56,100,100,116.4,NA,23.9,17.2,62.7,NA,41.4,12.3,73.8,NA,243.3,15,14,3,5.8,0.1,0.1,26,0.1,0.1,79,4,90,6,8.3,81.5,16.9,NA,NA,0,4,15.7,101.6,100,100,8,6,2.3,100.3,0.3,0.5,NA,NA,1.3,1.2,0.46,0.36,100,81.8,100,77,2.1,NA,6.6,16.6,6.1,2.5,0.9,98.3
India,61,60,NA,NA,NA,NA,144.7,165.8,58.4,45.1,129.9,129.9,1.5,2.7,4.4,0.1,1.5,1.4,1.1,3.3,8,34,5.4,8.4,NA,NA,2,2.7,0.7,1.7,0.4,0.3,59.4,89.6,98.5,85.2,22.2,41,51.6,36,13.6,15.3,NA,647.5,44.8,90,2,7,3,96,91,-33,NA,5.6,26.7,41.1,NA,-7.4,4,65.5,NA,-99.6,21,2,199,10.4,NA,NA,NA,NA,NA,NA,26,63,11,3.7,25.4,64.6,62.7,241.5,1,0.8,2.1,6.8,79.7,NA,72,66,0.4,NA,22,23.8,3.1,4.4,54.1,52.6,0.15,0.12,NA,NA,92.6,36,0.6,24,89.7,16.3,1.7,3.5,3.4,34.5
Indonesia,27,31,NA,NA,NA,NA,130.2,231.4,44.3,31.8,2,2,2.8,7.4,0.2,0.2,3.6,2.6,3.8,3.3,-71,-103,8.5,11.3,NA,NA,1.5,2.1,0.8,1.8,0.2,0.2,86.3,97.6,100,94.9,5.4,58.4,45.6,36.9,16,10.7,NA,NA,NA,NA,NA,NA,NA,95.5,82,129.4,NA,113.7,68.6,19,NA,30.5,7.4,80.7,NA,83.7,76,3,316,6.3,0.3,0.4,36,0.3,0.2,17,21,73,6,3.1,44.7,37.3,111.6,362.7,0.4,0.4,2.1,NA,72,NA,58,45,-0.3,NA,54.9,49.9,8.6,12.4,11.3,13,0.1,0.09,NA,NA,98.1,36.9,0.2,21.8,16.4,12,1.8,5.3,0.6,32.3
"Iran, Islamic Rep.",39,28,16.6,228,NA,NA,47.3,76.3,24.4,18,152.8,152.8,0.8,1.3,3.1,0.1,0.5,0.8,0.8,NA,-171,-33,9.2,5.6,NA,NA,3,2.7,3.7,8.4,0.3,0.5,97.9,100,100,100,85.7,98.5,0.4,0.9,3,5.1,128.5,NA,72.5,NA,NA,NA,NA,97.4,89,55.7,NA,13.7,67.3,15.4,NA,5.5,10.3,52.7,NA,-85.8,21,1,14,9.6,0.08,0.1,25,0.1,0.1,20,8,82,10,8.1,54.5,38.8,415.4,NA,0,1.1,1.9,5,99,NA,36,25,-0.6,NA,5.7,6.6,0.8,1.1,9.2,9,0.23,0.18,91.8,NA,100,0.9,0.4,NA,38.8,NA,8.4,7.7,2.5,64
Iraq,20,21,NA,216,NA,NA,126.4,35.8,23.8,19.2,112.4,112.4,3.2,5.8,0,0.3,3.1,2.9,2.7,NA,-451,-229,10,10.5,NA,NA,2.4,3.4,2.7,4.9,0.2,0.3,NA,100,100,100,75,97.6,0.4,0.8,1.9,3.7,35.2,NA,NA,NA,NA,NA,NA,98.8,91.1,-4.8,NA,3.2,13.6,78.6,NA,-15.1,4.4,90.1,NA,-87.7,NA,NA,42,8.8,NA,NA,NA,NA,NA,NA,17,55,28,3.3,21.1,78.5,152.6,493.7,0.4,0.8,1.7,7.6,99,65,32,30,1.7,434.1,1.9,1.9,0.5,0.7,9.4,11.5,0.17,0.14,58.8,41.1,100,0.8,0,47.2,64,-7,4.9,1.5,9.9,49.4
Ireland,63,65,NA,NA,299.5,281.3,NA,NA,7,5.3,NA,NA,2.1,4.8,0,0.4,1.4,1.7,3.4,NA,65,86,7.9,21.4,NA,NA,3.1,2.7,8.9,7.3,0.4,0.2,100,100,100,100,100,100,2,9.1,5,28,49,0.8,1.5,NA,7,83,288,97,98.1,NA,NA,NA,NA,NA,NA,NA,NA,NA,NA,NA,26,23,7,3.2,0.1,0.2,34,0.1,0.1,80,5,91,4,7.4,72.1,13,NA,NA,0,3.1,14.3,72,100,100,41,37,0.4,68.9,9.2,11,0,0,15.6,6.5,0.28,0.09,97.3,82.4,100,9.1,1.2,NA,8.3,16,7.3,4,0.7,84.1
Isle of Man,80,70,NA,NA,NA,NA,NA,NA,NA,NA,NA,NA,1.9,3.5,NA,0.4,2.2,1.6,1.4,NA,NA,NA,NA,NA,NA,NA,NA,NA,NA,NA,NA,NA,100,100,100,100,NA,NA,1.5,4.2,0,0.8,NA,NA,NA,NA,NA,NA,NA,NA,NA,112.2,NA,78.8,26.4,28.6,NA,8.4,15.4,54.3,NA,135.1,NA,NA,NA,NA,NA,NA,NA,NA,NA,NA,NA,NA,NA,NA,NA,NA,NA,NA,NA,1.4,2.3,52.4,85.4,NA,48,47,0.3,0.6,6.1,6.1,NA,NA,31.8,41.2,0.24,0.28,97.2,NA,100,4.2,NA,NA,NA,NA,NA,4.2,1.2,NA
Israel,26,25,32.8,435,100.8,61,3.1,280.7,2,1,695.3,695.3,0.4,1.6,0,0.3,0.3,0.1,1.2,NA,96,65,8.5,11.5,NA,NA,3.2,2.8,7.8,7.9,0.4,0.2,100,100,100,100,100,100,6,3.7,0.1,1.9,0.8,NA,189.2,NA,NA,NA,NA,100,100,-5.1,NA,-25.3,16.7,41.7,NA,-36.5,14.9,54.7,NA,232.6,35,15,4,9.7,0.1,0.2,25,0.1,0.1,NA,10,86,4,7.3,62.5,23,NA,NA,1.5,3.2,5.2,75.6,100,100,9,8,0.9,21.6,7.1,7.7,4,4.5,15.6,13.6,0.05,0.03,99.4,93.7,100,3.7,4.3,NA,20.8,15.6,7.9,8.6,1.4,81.6
Italy,52,43,NA,832,NA,NA,91.4,129.8,4.9,3.9,NA,NA,3.9,5.7,0,1.3,1.5,2.6,4.2,3.5,83,76,12.1,13.8,NA,NA,2.8,2.2,7.4,5.3,0.2,0.2,100,100,100,100,100,100,5.1,16.5,18.8,38.7,182.5,53.8,29.5,NA,NA,18,41,99.5,99.4,66,NA,6.5,11.6,49.8,656,36.9,14.4,53.3,NA,107.9,28,20,7,5,0.1,0.3,30,0.1,0.1,91,5,91,4,8.9,74.5,23.1,NA,NA,NA,4.1,5.9,142.4,100,100,33,30,-1.2,294.1,28.5,31.8,9.5,8.3,28.8,22.4,0.15,0.11,95,96.2,100,16.5,1.3,NA,16.5,6,5.3,13.4,0.8,63.1
Jamaica,44,41,NA,NA,1.5,2.2,NA,57.2,20.1,16.6,NA,NA,3.6,3.6,1.1,1.2,1.3,2.4,2.3,3.8,83,82,6.3,8.2,NA,NA,2.7,2.6,3.1,2.6,0.4,0.3,84.5,98.5,100,96.6,73.2,90.5,11.9,16.8,4.8,10.3,10.8,0.8,7.5,55,9,35,17,95.5,84.6,13.4,NA,-41.8,8.2,72.5,NA,-32.6,27,30.1,NA,88.8,29,5,3,11.3,1.4,1.9,37,0.5,0.3,31,11,80,9,6.1,60.6,22.4,296.2,535.7,1.2,1.3,1.1,11.2,98,NA,48,44,-0.2,10.8,31.5,30.9,10.2,8.8,12.9,11.1,0.05,0.04,NA,NA,99.5,16.8,NA,NA,13.4,15.9,2.6,1.4,42.1,55.1
Japan,13,12,34.8,NA,NA,NA,132.6,242.2,4.7,3.5,NA,NA,3.4,12.6,0,2.5,0.7,0.9,11.9,4.5,83,93,8.6,11,NA,NA,2.5,2.7,8.9,9.5,0.3,0.3,100,100,100,100,100,100,3.9,6.3,9.1,16,430,81.2,18.9,67,14,19,67,NA,NA,134.5,NA,144.2,30.9,21.4,605,-4,8.5,61.5,NA,NA,34,11,14,5.6,0.02,0.1,10,0.1,0.1,80,13,82,5,10.9,83.6,13.5,NA,NA,0,2.4,11.5,37.4,100,100,21,8,-1.2,364.6,68.2,68.5,1,0.8,12.3,11.5,0.04,0.03,98.5,98.8,100,6.3,3.3,NA,11.6,7.3,9.5,10,0.3,84.6
Jordan,12,12,10,111,88.6,55.4,1.6,112,3.9,3.5,301.7,301.7,0,0,0.4,0,0,0,0,NA,95,97,6.9,9.4,NA,NA,3.2,3.2,2.9,3,0.5,0.3,98.7,100,100,100,97.3,99.1,2.1,3.2,0.6,1,0.7,1.1,124.5,52,3,44,28,99.1,97.7,-1.6,NA,2.8,68,21.9,NA,-43.5,7.8,73.4,NA,93.9,NA,NA,5,12.7,0.01,0.1,17,0.1,0.1,84,11,78,11,5.5,63.2,28,223.5,494.8,5.7,2.3,3.4,24.5,98,65,22,9,-0.7,88.8,1.1,1.1,1,1,2.2,2.7,0.04,0.02,93.8,80.6,100,3.2,0.7,12.9,33.2,4.4,3,1.8,1.6,66.8
Kazakhstan,79,80,NA,250,NA,NA,54.1,4.3,35.5,16.2,17.3,17.3,NA,NA,0.2,NA,NA,NA,NA,NA,-24,-117,2.9,5.3,NA,NA,3.3,3.2,15.9,14.4,1.5,0.6,99.1,100,100,100,82.9,95.3,2.5,1.6,14.7,8.9,64.4,20,31,66,30,4,7,98.1,92.3,39.4,NA,37.9,28.1,56.4,NA,24.8,5.5,88.3,NA,-29.6,43,7,68,6.1,0.2,0.2,37,0.1,0.1,58,5,86,10,3.5,58.8,35.6,262,858.8,1.2,3.3,8.5,73.2,100,91,44,43,1.1,NA,1.2,1.2,0.1,0,11.2,10.9,2.03,1.65,89.5,NA,100,1.6,0.2,NA,13.1,5.8,14.4,3.2,4.8,76.4
Kenya,47,49,NA,630,NA,NA,NA,38.2,54.2,58.2,24.9,25.2,0.2,0.4,6.5,0,0.3,0.2,0.1,4,18,17,5.2,5.4,NA,NA,0.5,0.6,0.2,0.3,0.1,0.1,15.3,65.4,77.6,61.1,2,13.4,79,72.7,47,87.5,20.7,3.2,15.5,59,4,37,12,84.6,49.6,32.5,16,60.7,5.6,7.1,4,43.4,8,47.2,NA,-100,20,1,292,3.1,1.62,4.7,63,1.5,2.5,68,63,27,10,4.5,36.2,27.7,66.2,143.5,19.5,0.2,1.5,2.4,66.9,NA,80,73,1.7,569.1,6.2,7.8,0.8,0.9,8.6,10.2,0.15,0.12,NA,NA,63.8,72.7,NA,56,28.6,-2.2,0.3,10.5,4.8,17.8
Kiribati,42,42,NA,630,NA,NA,NA,NA,NA,NA,NA,NA,54.6,20.6,5,0.1,18.8,54.6,1.7,NA,NA,NA,19.8,NA,22,62,3.1,NA,0.3,0.6,0.2,0.3,NA,93.7,88.7,99.2,2.3,5.5,4.8,4.3,0,7.3,NA,NA,NA,NA,NA,NA,NA,NA,NA,-32.6,NA,-12.2,59.1,23.3,NA,-66,13.3,66.8,NA,66.2,59,36,349,22.5,NA,NA,NA,NA,NA,NA,29,64,7,11.9,79.6,0.1,188,249.8,17,0.2,4.8,8.2,94,NA,57,46,-0.2,0.8,15,15,39.5,39.5,2.5,2.5,0.02,0.02,NA,NA,98.6,4.3,NA,NA,10.5,NA,0.6,11.8,7.5,14.6
"Korea, Dem. Peoples Rep.",21,22,NA,NA,NA,NA,NA,NA,60.1,60,NA,NA,1.8,5.1,2.5,0.1,3,1.7,2.2,NA,13,-75,NA,NA,NA,NA,NA,3.4,NA,1.6,NA,NA,NA,41.7,37,49.3,3.1,10.8,8.7,23.1,52.6,72.8,67,8.7,12.9,NA,13,NA,NA,97.2,90.2,122.6,NA,4.2,22.6,40.6,NA,42.2,25.7,42.2,NA,45.5,NA,NA,513,6.4,NA,NA,NA,NA,NA,NA,10,84,7,NA,NA,NA,NA,NA,NA,3.7,4.4,NA,100,NA,41,38,-0.1,120.4,57.6,40.7,1.7,1.9,19.1,19.5,0.1,0.09,66.6,NA,43.9,23.1,NA,NA,31.8,NA,1.6,1.3,NA,NA
"Korea, Rep.",20,17,NA,NA,NA,858.4,NA,380.3,9.3,4.8,NA,NA,2.9,3,0.1,0.6,1,2.3,2,NA,76,81,5.4,6.3,NA,NA,2.7,2.2,5.8,11.6,0.5,0.3,100,100,100,100,96.2,96.7,0.7,2.7,1.4,1.9,64.9,29,44.8,NA,NA,NA,NA,NA,NA,NA,0,NA,NA,NA,0,NA,NA,NA,NA,NA,41,6,66,6.9,NA,NA,NA,NA,NA,NA,10,80,10,7.3,59.2,33.3,NA,NA,0,2.4,7,49.6,NA,99,20,19,0.6,97.5,65.2,63.4,2.1,2.3,17.8,14.6,0.04,0.03,98.2,99.9,100,2.7,4.2,NA,25.1,20.1,11.6,4,0.7,95.1
Kosovo,NA,NA,NA,NA,NA,NA,NA,NA,NA,NA,NA,NA,NA,NA,NA,NA,NA,NA,NA,NA,NA,27,NA,7.2,NA,NA,NA,NA,NA,NA,NA,NA,100,100,100,100,NA,NA,28.3,20.5,1.8,2.3,NA,NA,NA,NA,NA,NA,NA,NA,NA,NA,NA,134.1,92.3,1.2,704,18.9,27.7,18.2,NA,451.4,NA,NA,NA,NA,NA,NA,NA,NA,NA,NA,NA,NA,NA,NA,NA,NA,NA,NA,NA,NA,NA,27.7,NA,NA,NA,NA,NA,10.9,NA,NA,NA,NA,NA,NA,NA,NA,NA,NA,100,20.5,NA,NA,NA,NA,NA,NA,2.3,83.9
Kuwait,8,8,NA,121,1.9,1,1.3,750.7,2.5,2.3,89,89,8.2,17.4,0,1.4,14,6.8,3.4,NA,-453,-391,9.8,7.9,NA,NA,5.6,2.8,24.3,25.8,0.2,0.4,100,100,100,100,100,100,0,0,0,0,0,NA,NA,NA,NA,NA,NA,NA,NA,-58.6,NA,-26.3,7,73.9,NA,-46.2,1.6,82.3,638,-86.4,37,3,23,12.2,0.06,0.1,29,0.1,0.1,62,15,72,13,3.9,83.9,16.1,NA,NA,0,2.6,7,NA,NA,95,1,0,NA,17.8,0.3,0.4,0.1,0.3,0.6,0.4,0,0,100,100,100,0,0.1,NA,60.8,14.6,25.8,11,1.8,100
Kyrgyz Republic,56,55,9.5,533,642.4,568.2,NA,31.4,49.1,26.8,188.1,188.1,NA,NA,2.1,NA,NA,NA,NA,NA,67,50,2,4.9,NA,NA,2.3,2.5,2.5,1.6,0.9,0.5,99.7,100,100,100,51.7,81.3,35.2,23.3,85.9,85.2,48.9,7.7,15.8,93,4,3,1,97.1,82,436.8,NA,84.4,9.7,77,NA,101.7,3.6,66.7,NA,691.9,51,4,116,6.1,0.2,0.2,34,0.1,0.1,43,10,83,8,6.6,39.1,57.6,72.9,240.2,3.3,1.9,6.4,50.1,98,96,65,64,1.5,191.8,4.5,3.3,0.3,0.4,7.1,6.7,0.28,0.21,68.2,NA,100,23.3,0.1,NA,23.2,12.9,1.6,6.7,5.2,38
Lao PDR,8,10,11.5,NA,783.1,NA,NA,NA,80.4,68.7,NA,NA,0,0,2.7,0,0,0,0,2.3,NA,NA,NA,NA,213,NA,NA,NA,0,0.3,0,0.1,43.1,90.8,98.8,86.8,4,5.6,85.5,59.3,90.9,86.4,190.4,3.5,1.8,NA,5,NA,NA,94.4,75.6,-58.6,NA,-41.8,55.5,25.1,NA,-53.4,12.2,75.4,NA,-73.8,51,7,162,6.4,0.1,0.3,45,0.1,0.1,54,31,60,9,2.4,32.4,46.4,55.2,154.6,18.1,0.5,1,3.7,73,NA,78,65,0.6,230.8,71.6,82.1,0.4,0.7,4,6.6,0.17,0.22,16.1,58.1,93.6,59.3,NA,31.4,25.8,-1.2,0.3,16.7,NA,25.5
Latvia,26,31,0,641,415,706.1,NA,104.2,16.2,7.7,575.4,501.4,1.9,17.3,0,0.6,0.7,1.3,16.6,NA,86,45,NA,10.2,NA,NA,2.3,1.6,5.4,3.5,NA,0.2,100,100,100,100,85.9,95.3,35.8,38.1,68.3,50.2,16.9,0.2,1.4,15,21,64,114,98.8,98.2,NA,NA,64.7,10.9,25.2,462,24.5,10.6,65.2,NA,19.1,51,26,29,5,0.4,0.4,31,0.1,0.1,45,3,92,5,6.2,54.6,44.6,874.2,NA,0,3.2,4.8,67.6,100,100,32,32,-1,62.2,52.1,54,0.2,0.1,15.6,20.7,0.41,0.66,95.2,85.8,100,38.1,0.6,NA,13.4,6,3.5,17.5,3.4,80.1
Lebanon,60,64,NA,661,56.8,57.2,NA,330.9,14.7,12.4,640,NA,0.4,4.1,0,0.1,1.9,0.3,2.2,3,93,98,8,10.3,NA,NA,4.2,3.2,2.9,3.8,0.5,0.3,NA,100,100,100,NA,NA,4.9,3.6,4.6,2.6,4.8,1.1,22.8,NA,11,NA,NA,NA,NA,84.5,NA,13.1,27.1,55.5,428,-24.1,9.7,81.5,NA,NA,41,27,11,11.2,0.04,0.1,16,0.1,0.1,60,4,91,6,8,52.1,32.1,662.1,NA,0.8,2.3,2.6,87.4,100,NA,14,11,-0.9,10.2,12.8,13.4,13.8,12.3,12.6,12.9,0.03,0.02,47.7,21.8,100,3.6,NA,NA,30.2,-16.9,3.8,1,3.9,78.2
Lesotho,76,78,NA,788,203.7,55.5,NA,NA,72.7,67.6,62.5,NA,NA,NA,3.4,NA,NA,NA,NA,2.5,NA,NA,NA,NA,NA,NA,NA,NA,0.9,1.2,0.7,0.4,4.3,31.9,66.3,18.9,18.1,35.6,56.7,52.1,100,100,5.2,NA,NA,NA,NA,NA,NA,93,59.3,61.7,NA,78.2,55.8,18.3,337,60.6,22.5,63.5,184,97.2,54,0,611,4.5,13.4,23.6,59,4.1,10.8,61,59,32,8,8.1,63.8,18.9,85.5,242.7,17.3,0.1,0.7,0.6,43.3,NA,80,72,0.2,30.4,1.4,1.6,0.1,0.2,10.9,11.6,0.16,0.17,NA,NA,33.7,52.1,0,50.8,28.3,8.2,1.2,0.3,41.2,29
Liberia,27,28,NA,NA,120,244.6,NA,NA,46,46.5,NA,NA,0.3,6.4,1.9,0,1.9,0.3,4.4,NA,NA,NA,NA,NA,473,935,NA,NA,0.2,0.2,NA,0.2,NA,19.8,34,5.5,0.6,0.7,90.8,83.8,0,0,200,NA,NA,NA,NA,NA,NA,83.6,62,34.5,NA,10.4,88.7,4.7,NA,8.7,12,50.6,NA,15.5,18,2,308,2.4,0.6,1.3,62,0.4,0.8,35,59,31,10,9.6,14.2,47.3,68.3,133.1,30.1,0,0.1,0.6,24.6,NA,56,49,1.5,96.3,48.1,43.1,2.2,2.1,4.2,5.2,0.14,0.11,NA,NA,21.5,83.8,NA,65.7,17.9,-99,0.2,1.2,3.2,8
Libya,9,9,NA,56,343.4,311.1,9.7,11.7,9.3,8.2,218.9,218.9,0.5,6.2,0,0.1,0.6,0.5,5.6,NA,-555,-103,NA,5.7,NA,NA,3.3,3.2,8.3,9,NA,0.6,99.8,71.7,71.7,71.7,NA,NA,2,2,0,0,0.7,5.8,822.9,83,5,12,11,NA,NA,NA,NA,NA,NA,NA,NA,NA,NA,NA,NA,NA,NA,NA,40,10.2,0.1,0.2,30,0.1,0.1,44,8,72,20,NA,NA,NA,NA,NA,NA,2.2,6.7,NA,NA,NA,24,20,0.1,NA,0.1,0.1,0.2,0.2,1,1,0.34,0.26,NA,26.1,70.1,2,NA,NA,52.1,NA,9,0.3,NA,21.8
Liechtenstein,43,32,NA,56,NA,NA,NA,NA,NA,NA,NA,NA,NA,NA,NA,NA,NA,NA,NA,NA,NA,NA,NA,NA,NA,44,NA,NA,NA,1.2,NA,NA,100,100,100,100,NA,NA,NA,63.1,0,96.9,NA,NA,NA,NA,NA,NA,NA,NA,NA,-45.8,NA,-36.8,34.3,37.7,NA,-18,2.5,44.1,NA,-78,NA,NA,NA,9.4,NA,NA,NA,NA,NA,NA,NA,NA,NA,NA,NA,NA,NA,NA,NA,NA,NA,71.9,100,NA,85,86,0.3,0.2,43.1,43.1,NA,NA,25,13.5,0.12,0.06,100,99.7,100,63.1,NA,NA,NA,NA,1.2,11.9,0,98.1
Lithuania,46,47,0.1,656,918,NA,24.2,131.9,18.6,8,354.4,631.6,1.2,2.9,0,0.1,0.6,1.1,2.2,NA,69,75,NA,11,NA,NA,2,1.8,6,4.4,NA,0.2,100,100,100,100,100,100,17.2,29,3.1,39.4,15.5,0.6,4.1,10,66,24,63,99.8,92.8,-3.7,NA,19.4,11.2,82.3,473,19.1,17.4,62.7,332,NA,38,21,44,3.8,NA,NA,NA,NA,NA,NA,4,90,7,6.7,65.6,32.3,987.9,NA,1,4.3,7.9,130.9,100,100,33,32,-1.9,62.6,32.2,34.8,0.7,0.6,45.9,34.2,0.82,0.75,92,91.3,100,29,1,NA,11.8,NA,4.4,17.8,5.9,77.6
Luxembourg,53,54,NA,934,29.4,27.9,NA,262.1,2,1,NA,NA,0,0,0,0,0,0,0,NA,99,96,6.5,14.4,NA,NA,3,2.5,26.2,17.4,0.5,0.2,100,100,100,100,100,100,6.9,9,41,32.4,1,0,4.3,1,5,95,NA,100,98.8,-9.3,NA,-16,33.5,43.9,526,-36.1,8.8,69.8,NA,197.5,26,21,8,5,0.2,0.3,28,0.1,0.1,77,5,88,7,6.2,81.2,11.2,NA,NA,1.2,3,12.3,80.8,100,100,16,9,-0.9,2.4,35.7,35.7,0.4,0.6,25.5,25.5,0.14,0.11,99.7,96.6,100,9,1.3,NA,10.3,20.9,17.4,40.9,0.9,97.4
North Macedonia,52,50,NA,619,191.5,166.1,NA,79.3,23.9,16.6,973,NA,0,0,0.3,0,0,0,0,3.3,49,52,7.8,9.7,NA,NA,4,2.9,5.4,3.6,0.6,0.3,100,100,100,100,43.9,65.6,19.4,24.2,17.2,35.9,5.4,0.6,10.2,23,36,41,16,90.6,96.6,143.9,NA,17.7,15.8,73.6,NA,-9.8,4,87.3,NA,308,NA,NA,233,4.5,0.4,0.3,31,0.2,0.1,9,46,43,11,6,47.7,22.4,24.1,90.4,25.1,0.2,0.1,0.8,83,NA,41,42,-0.5,25.2,37.7,39.6,1.7,1.6,21.8,16.5,0.27,0.2,81,16.6,100,24.2,0.4,NA,29.6,15.4,3.6,9.7,1.2,74.5
Madagascar,70,71,NA,NA,NA,NA,NA,5.2,78.7,68.6,2.7,1.9,0.7,1.7,0.9,0,1.1,0.7,0.6,3.8,NA,NA,NA,NA,950,NA,NA,NA,0.1,0.1,0,0.1,13.6,22.9,67.3,0,1.1,0.9,78.4,70.2,61.1,54.6,337,13.6,4,96,1,3,1,85.8,36.3,153.4,NA,14.4,32.3,37.9,NA,12,4.9,85.4,NA,972.4,25,4,181,4.5,4.4,9.2,60,2,4.3,78,60,32,9,9.8,28,11.4,29.6,115.2,53.8,0,0.3,0.4,67.2,NA,73,63,1.6,581.8,22.4,21.4,1,1.1,5,6,0.18,0.14,NA,NA,24.1,70.2,0,77.2,22.9,7.7,0.1,2.3,NA,9.8
Malawi,51,61,NA,NA,NA,NA,NA,21.6,76.9,72.2,NA,NA,0,0,8.8,0,0,0,0,1.8,NA,NA,NA,NA,748,NA,NA,NA,0.1,0.1,0.1,0.1,4.8,11,42,4.9,1.8,2.5,82.5,83.6,84.3,91.3,16.1,1.4,8.4,NA,4,NA,NA,85.8,65.4,40.5,NA,45.1,65.9,15.2,NA,9.5,6.4,68.8,NA,-96.3,42,1,92,16.7,0.31,0.4,17,0.3,0.1,48,18,74,9,3.8,50.5,37.6,361.5,NA,0,1.5,4.1,11.4,NA,56,85,83,2.4,94.3,37.8,33.2,1.4,1.5,29.2,40.3,0.25,0.22,NA,NA,12.7,83.6,NA,66.7,23.1,-16.7,0.1,22.9,1.7,13.8
Malaysia,21,26,5.2,NA,701.5,698.8,243.3,NA,14.9,11.4,480.5,NA,1.3,5.1,0.1,0.3,2,1,3.1,3.8,-122,-6,8.7,8.2,NA,NA,2.6,2.7,3.1,8.1,0.3,0.3,NA,100,100,100,94.5,96.3,6.7,5.2,10.1,10,580,11.2,1.9,NA,43,NA,NA,99.1,89.3,NA,52,110.4,11.2,1.2,27,366.1,12.5,8.3,NA,-100,55,2,33,9.2,NA,NA,NA,NA,NA,NA,8,84,8,10.6,72.6,19.1,NA,NA,0.5,1,4,4.8,98.8,84,38,24,-1.1,328.6,65.7,67.6,17.6,22.7,2.6,2.7,0.04,0.03,93.3,88.6,100,5.2,1.3,NA,15.8,10,8.1,9,2.1,80.1
Maldives,40,26,NA,NA,0.1,0.1,NA,314.9,18.1,9.2,NA,NA,45.5,48.2,0,0,48.2,45.5,0,2.3,NA,NA,NA,NA,172,NA,3.4,NA,0.8,3.1,NA,0.2,83.8,100,100,100,32.2,93.8,2.1,1,0,1.3,0,0,15.7,0,5,95,553,98.3,99.9,151.5,NA,91.1,4,77.2,NA,88.6,1.3,82.4,NA,214.8,23,2,53,2.4,1.3,1.4,64,0.4,1,31,61,31,9,3.8,31.6,35.3,29.8,81.2,32.2,0.1,0.4,1.1,86.7,NA,72,60,3.1,0.3,3.3,3.3,16.7,10,10,13,0.01,0.01,NA,NA,99.8,1,NA,NA,8,NA,3.1,0.1,0.8,63.2
Mali,33,34,NA,282,NA,NA,440.5,44.2,68,66,4.2,2.2,0,0,0.7,0,0,0,0,NA,NA,NA,NA,NA,422,NA,NA,NA,0,0.1,0,0,10.3,39.8,84,9.3,1.3,1,85.4,61.5,30.4,43.5,60,5.2,8.6,98,0,2,2,92.2,68.3,23.9,141,-23.2,0.3,20.1,61,-17.6,8.4,47.8,NA,NA,30,21,14,8.3,NA,NA,NA,NA,NA,NA,6,91,3,9.3,63.1,34.8,NA,NA,0,3.8,9,113.5,100,99.9,72,58,1.7,NA,4.8,3.8,0.1,0.1,3.7,5.3,0.41,0.36,NA,18.7,43.1,61.5,0.3,56.3,38.5,-2.3,0.1,8.2,NA,13
Malta,31,32,33.7,560,2.5,2.9,NA,264.6,2.3,1.3,NA,NA,2.7,2.3,NA,1.3,0.9,1.4,1.3,NA,100,98,8.2,18,NA,NA,3.1,3,6.1,5.4,0.4,0.2,100,100,100,100,100,100,0,5.4,0,7.7,0.1,0,44.4,64,2,34,425,100,100,NA,8,62.5,0,0,0,22.8,0,0,NA,NA,NA,NA,434,30.5,NA,NA,NA,NA,NA,NA,NA,NA,NA,23.3,52.6,9,851.3,934.4,35.4,0.5,3.5,15.9,84,NA,8,5,2,0.3,1.1,1.1,3.1,4.1,25,28.3,0.02,0.02,100,93,100,5.4,0.7,NA,13.8,NA,5.4,6.4,0.9,81
Marshall Islands,67,64,NA,560,NA,NA,NA,NA,NA,NA,NA,NA,43.8,35.9,0.1,0,35.9,43.8,0,1.8,NA,NA,NA,NA,48,103,NA,NA,1,1.8,0.3,0.6,68.5,93.5,95.1,88.5,13.2,65.4,19.6,11.2,0,0.2,NA,NA,NA,NA,NA,NA,NA,86.7,94.4,123.2,NA,71.6,8.6,83.1,NA,57.5,2.8,92.3,NA,NA,NA,NA,93,7.1,0.05,0.2,39,0.1,0.1,54,53,37,9,4.2,36.7,50.9,46.8,163.9,8.2,0.2,1,NA,66,NA,31,23,-1.1,0.2,70.2,70.2,44.4,36.1,5.6,11.1,0.02,0.03,NA,NA,94.8,11.2,NA,NA,10.2,NA,1.8,0.3,NA,38.7
Mauritania,38,39,NA,92,111.5,256.5,NA,NA,61.1,56,7.8,9.8,1.1,19.1,3.1,0,13.6,1.1,5.6,NA,NA,NA,NA,NA,906,NA,NA,NA,0.4,0.7,0.2,0.2,22.2,41.4,80.3,0,29,46.6,44.4,32.2,0,13.4,0.4,1.3,337,NA,2,NA,NA,89.3,49.9,16.3,311,48.2,12.1,16,170,5.6,8.9,60.4,NA,NA,41,3,13,22,1.2,1.3,31,0.2,0.2,22,7,89,5,5.7,44.1,48.2,553.1,NA,0.2,2,3.4,17.6,NA,100,62,46,1,NA,0.3,0.2,0,0,0.5,0.4,0.19,0.11,NA,NA,42.9,32.2,NA,79.9,46.7,-10.3,0.7,1.1,NA,20.8
Mauritius,49,42,19.5,NA,0,0.2,NA,235.3,10.8,7.3,NA,NA,1.3,1.4,0,0.2,0.7,1.1,0.7,3.5,55,85,12,16.4,NA,NA,2.2,3,1.4,3.4,0.2,0.2,99,98,90.2,100,87.4,93.3,20.4,11.5,29.6,22.7,2.8,NA,26.4,NA,NA,NA,NA,99.9,99.8,34.3,NA,18,34.2,47.2,NA,-2.9,8.5,74.1,NA,-38.6,21,7,23,13.5,0.14,0.2,16,0.1,0.1,70,10,80,10,5.5,52.1,40.4,461.8,971.8,NA,2.2,2.9,NA,95,99,57,59,0.1,2,20.6,19,2,2,44.3,36.9,0.08,0.06,NA,NA,98,11.5,0.4,NA,14.3,-6.4,3.4,0,1.7,55.4
Mexico,55,55,5.5,758,NA,NA,290.3,114,17.3,13.1,119.3,101.5,2.2,1.6,0.1,0.1,0.8,2.1,0.8,4.3,-58,-5,9.2,11.4,NA,NA,2.6,2.6,3.8,4,0.3,0.2,98,99.5,99.8,98.3,80.7,85.4,12.2,9.2,19.8,15.4,409,85.7,20,76,9,15,14,100,96.6,21.9,30,43.3,2.3,64,11,71.7,0.2,98.2,NA,NA,NA,NA,108,11.9,NA,NA,NA,NA,NA,NA,19,75,7,12.6,27.8,2.6,386.7,431.6,69.2,0.2,3.3,7,NA,NA,25,20,-0.3,NA,34.9,33.9,1.3,1.4,11.8,11.6,0.23,0.18,42.9,50.4,100,9.2,0.5,11.1,20.7,7.5,4,19.1,16.5,63.9
"Micronesia, Fed. Sts.",32,31,NA,758,0.1,0.2,NA,NA,NA,NA,NA,NA,7.2,8.4,1.3,0.9,5.5,6.3,2.9,NA,NA,NA,NA,NA,99,150,NA,NA,1,1.4,0.3,0.5,46,78.5,92.3,74.4,10.9,12,1.2,1.2,0.2,1.6,NA,NA,NA,NA,NA,NA,NA,NA,NA,-70.2,NA,-15.4,52.5,22.7,686,-60.9,8.2,71.6,NA,51.9,45,6,86,5.7,0.44,0.6,40,0.1,0.1,34,4,90,6,9,48.8,46.3,171.2,480.4,3.7,3.2,4.5,86.1,100,90,78,77,0.9,0.7,91.2,91.9,24.3,24.3,3.6,2.9,0.02,0.02,NA,NA,80.8,1.2,NA,NA,11.1,NA,1.4,0,NA,35.3
Moldova,77,74,NA,450,NA,922.7,NA,24.4,49.6,33.7,229.1,197.6,1,0.6,0.3,0.1,0.3,0.9,0.3,NA,99,90,NA,6.2,NA,NA,3.1,1.5,5.7,1.4,NA,0.2,100,100,100,100,68.3,92.2,5.7,14.3,6.7,5.4,1.6,1.1,65.7,3,83,14,6,97,83.2,NA,NA,NA,NA,NA,NA,NA,NA,NA,NA,NA,NA,NA,0,2.9,NA,NA,NA,NA,NA,NA,NA,NA,NA,1.7,79.6,7.1,NA,NA,NA,6.6,20.3,195.6,100,80,55,57,-0.2,32.9,9.9,12.6,10.2,8.2,55.6,55.6,0.5,0.51,72.9,NA,100,14.3,0.3,NA,16.4,14.7,1.4,4.2,3.2,76.1
Monaco,NA,NA,NA,NA,NA,NA,NA,NA,NA,NA,NA,NA,25.3,25.3,NA,22.2,3.1,3.1,22.2,NA,NA,NA,NA,NA,NA,NA,NA,NA,NA,NA,NA,NA,100,100,100,100,100,100,NA,NA,0,0,NA,0,NA,0,0,100,NA,100,NA,-57.2,NA,-24.6,7.8,87.5,NA,-31.1,3.1,93.5,NA,-92.7,47,6,428,4.7,0.02,0.1,19,0.1,0.1,32,10,80,11,3.8,56.7,35.9,140.7,466.7,3.9,2.9,4,45,99,92,0,0,NA,0,NA,NA,NA,NA,NA,NA,NA,NA,100,100,100,NA,NA,NA,NA,NA,NA,99.5,0,97.1
Mongolia,83,71,NA,241,217.3,377.8,NA,40,44.9,30.4,40,40,NA,NA,2.6,NA,NA,NA,NA,2.8,20,-168,3.3,6.2,NA,NA,2.9,3.9,4.6,7.1,0.9,0.6,67.3,84.3,99.1,52.5,21.8,42.8,5.7,3.4,0,3.1,34.8,0.6,1.6,44,43,13,12,96,55.9,NA,0,NA,NA,NA,0,NA,NA,NA,NA,NA,48,44,15,9,0.14,0.1,12,0.1,0.1,40,1,95,4,7.6,75,24.1,531.7,NA,0.4,2.3,5.7,64.1,99,100,43,32,1.5,NA,7.5,8,0,0,0.8,0.4,0.49,0.19,23.7,NA,85.9,3.4,0.2,42.7,38.2,-10.3,7.1,17.7,6.2,23.7
Montenegro,NA,19,NA,241,NA,2.2,NA,285.2,9.4,7.7,NA,NA,NA,NA,0,NA,NA,NA,NA,NA,NA,28,NA,9.6,NA,NA,NA,2.3,NA,3.6,NA,0.2,100,100,100,100,55,69.4,NA,43,0,49.7,NA,0.2,NA,1,39,60,26,95.9,99.3,114.3,NA,30.2,11.8,49.3,NA,5.4,8.6,78.5,NA,-10.8,47,1,99,7,0.04,0.1,42,0.1,0.1,65,14,80,6,5.8,46.9,48.6,171.5,465.7,0.7,0.7,1.1,3.7,96,24.3,41,33,-1,13.5,46.5,61.5,NA,0.4,NA,0.7,NA,0.01,93.6,NA,100,43,0.4,NA,20.9,NA,3.6,4.2,2.7,71.3
Morocco,68,69,NA,346,NA,NA,23.3,71.1,44.4,38.5,49,NA,0.2,1.4,0.1,0,0.3,0.2,1.1,3,81,91,12.9,13,NA,NA,3.1,3.2,0.9,1.8,0.2,0.2,69.8,100,100,100,89.7,96.8,15.3,11.3,6.1,14.3,29,10.4,35.7,88,2,10,9,96.7,70.7,828.9,NA,-15.4,50.4,19.5,NA,-78.7,15.2,52.1,NA,NA,29,5,551,3.3,10.1,12.6,61,3,7.2,56,65,27,8,5.1,53.3,7.7,19.2,61.6,38.1,0.1,0.4,0.5,55,NA,47,38,-0.2,446.3,11.2,12.6,2,3.3,19.6,18.2,0.3,0.23,70.3,38.8,100,11.3,NA,13.1,32.9,20.9,1.8,18.4,1.2,61.8
Mozambique,62,64,NA,NA,NA,NA,NA,3.7,80.5,72,NA,NA,1.3,5.2,3.7,0,2.4,1.3,2.8,4,5,-55,1,2.8,NA,NA,0.2,0.7,0.1,0.3,0.2,0.3,6.7,26.1,70.3,2.4,3.1,3.7,93.6,86.4,99.5,86.4,100.3,1.5,NA,73,2,25,11,84.3,40,-39.6,NA,-4,13.4,77,NA,-39.6,3.4,53.4,NA,-45.3,35,6,338,3.9,0.3,0.8,38,0.4,0.3,70,24,68,9,5.1,20.1,74,62.1,291.1,5.9,0.9,1,2.4,81.3,NA,71,64,2.1,786.4,52.4,48,0.3,0.4,5,7.2,0.22,0.2,NA,NA,27.4,86.4,0.3,80.3,21.5,-13.5,0.3,13.4,NA,10
Myanmar,17,20,NA,NA,NA,NA,538.1,17.9,60,51.1,10.7,10.7,3.6,11,0.1,0.1,8.1,3.5,2.9,NA,0,-33,2.8,12.8,NA,NA,0.4,1.1,0.1,0.4,0.1,0.1,47,55.6,92.3,39.8,4.7,18.4,80.2,61.5,37,58.9,NA,NA,NA,NA,NA,NA,NA,93,76.9,421.2,NA,43.5,2.6,92,NA,19.4,4.2,93.7,NA,NA,34,10,524,4.5,4.9,11.8,60,2.6,4.5,92,49,41,10,9.1,61.9,7.7,402.8,969.3,7,0.4,2.8,6.1,78,NA,73,69,0.2,653.1,53.4,43.6,0.9,2.4,15.2,16.7,0.21,0.21,NA,NA,69.8,61.5,0,41,36,23.1,0.4,4.6,2.2,30.7
Namibia,47,47,NA,285,325,293.7,NA,26.1,30.9,20.1,NA,NA,0.2,1.1,3.4,0,0.1,0.2,0.9,NA,55,74,12.7,12.6,40,NA,1.5,2.1,0,1.7,0,0.2,36.5,50.9,76.3,27.5,32.5,42.2,33.5,26.5,99.2,97.8,6.2,NA,NA,NA,NA,NA,NA,96.4,69.2,62.3,NA,18.2,6.3,82.1,NA,28,13.3,76.4,NA,NA,38,10,151,7.2,0.05,0.1,40,0.1,0.1,56,25,66,9,6.3,18.6,55.4,45.5,156,11.7,0.7,2.7,3,56.2,NA,68,50,-0.2,823.3,9.8,8.3,0,0,1,1,0.45,0.34,NA,NA,52.5,26.5,0.3,33.2,25.6,4.5,1.7,23.2,17.1,51
Nepal,30,29,NA,NA,NA,NA,NA,74.1,75.5,71.1,111.7,111.7,NA,NA,0.7,NA,NA,NA,NA,2.8,5,17,3.9,5.5,634,NA,0.1,0.7,0,0.3,0,0.1,27.2,90.7,94.5,89.8,14.9,27.6,88.3,85.3,98.4,100,198.2,9.5,4.8,98,0,2,1,89.1,88.7,-12.7,NA,-36.9,26.5,46.5,NA,-50.2,8.1,60.5,NA,-67.4,27,24,5,5.4,0.05,0.2,17,0.1,0.1,83,5,90,5,10.4,81,11.5,NA,NA,0,3.5,11.1,49,100,100,87,80,1.2,143.4,27.2,25.4,0.8,1.5,16.4,14.7,0.1,0.08,27.2,NA,95.5,85.3,NA,54.3,98.1,38.1,0.3,23.6,2.2,34
Netherlands,58,53,11.2,778,226.3,174.3,12.9,288.9,2.9,2.3,NA,NA,55.6,58.5,0,22.6,9.6,32.9,48.9,NA,8,35,7.4,11.1,NA,NA,2.4,2.3,10.6,9.9,0.3,0.2,100,100,100,100,100,100,1.8,5.9,3.3,12.4,11,10.7,97.5,1,88,11,79,100,100,11.5,215,6.7,1.9,73.2,98,-5.9,5.7,75.9,NA,NA,NA,NA,15,21.8,NA,NA,NA,NA,NA,NA,NA,NA,NA,NA,NA,NA,NA,NA,NA,NA,NA,NA,NA,NA,23,9,-4.2,33.7,10.7,11.2,1,1.1,27,30.5,0.06,0.06,100,97.5,100,5.9,2,NA,12,18.4,9.9,21.2,0.6,93.2
New Caledonia,14,10,NA,NA,1.1,1.3,NA,238.1,4.2,2.6,NA,NA,2.9,14,NA,0.1,5.8,2.8,8.2,NA,NA,NA,NA,NA,NA,NA,NA,NA,9.3,16,NA,NA,100,100,100,100,NA,NA,7.2,4.8,27.3,14.1,NA,NA,NA,NA,NA,NA,NA,NA,NA,18.9,NA,7.4,4.1,91,NA,13,2.3,95.1,NA,-68.5,17,15,7,6.2,0.06,0.1,16,0.1,0.1,73,5,90,6,9.2,78.7,13.6,NA,NA,0,3,11,43,100,100,38,29,-0.1,18.3,45.9,45.9,0.2,0.2,0.4,0.3,0.03,0.02,96.7,NA,100,4.8,NA,NA,NA,NA,16,96,NA,82
New Zealand,46,40,6.5,NA,149.7,130.8,338.1,NA,8.8,6.5,NA,NA,0.9,4.2,0,0.1,1,0.8,3.3,3.8,10,19,6.2,7.9,NA,NA,1.8,1.7,7.1,7.7,0.3,0.2,100,100,100,100,100,100,29,30.8,71.5,80.1,327,5.2,1.6,62,23,16,28,100,100,59,NA,34.9,6.8,73.7,NA,12.8,3.2,87.4,NA,185.2,NA,NA,41,11.4,0.1,0.2,33,0.1,0.1,53,11,76,13,8.7,61.3,32.2,188.2,484.5,4.6,1,1.6,15.5,85,68,14,13,1.4,263.3,38.5,38.6,0.2,0.3,5.7,2.2,0.39,0.12,100,88.7,100,30.8,1.2,NA,6,13.9,7.7,30.5,1,90.8
Nicaragua,44,42,NA,NA,525.8,482.5,NA,61.5,30.6,31.2,15.4,NA,3,0.9,0.8,0,0.6,3,0.3,3.8,30,41,6.1,7.9,NA,NA,1.3,1.3,0.6,0.8,0.2,0.2,72.8,85.2,99.4,65.6,34.1,52.3,58.4,48.2,21.4,50.1,156.2,1.5,1,77,5,19,6,97.6,59.1,65.4,NA,53.7,29.7,47.6,NA,20,10.4,78.6,402,NA,15,0,87,2.4,0.1,0.3,51,0.1,0.1,54,63,27,10,6.2,24.3,58.5,22.7,61.4,13,0.1,0.3,0.4,63.9,NA,45,41,0.7,120.3,31.7,25.9,1.9,2.4,15.9,12.5,0.38,0.24,51.6,NA,86.8,48.2,0.1,NA,17.7,14.4,0.8,15.5,8.6,27.9
Niger,30,36,NA,151,NA,NA,NA,0.4,78.4,76.2,0.1,NA,NA,NA,7.5,NA,NA,NA,NA,NA,NA,-6,NA,6,733,NA,NA,0.7,0.1,0.1,0.1,0.1,6.5,18.9,65.4,9.8,1,1.9,87.7,78.9,0,0.8,3.5,1,28.1,NA,3,NA,NA,84.3,43.6,84.4,NA,37.7,41.4,41.6,NA,85.7,5.2,80.4,NA,713,11,1,219,3.1,1.02,1.5,57,0.5,0.8,53,63,29,8,3.6,13,75.2,79.3,213.7,9.8,0.4,1.5,1.4,47,NA,84,84,3.7,NA,1,0.9,0,0.1,11,13.3,1.23,0.81,NA,9.6,20,78.9,NA,70.1,87.7,5,0.1,17.3,4.4,10.2
Nigeria,78,78,NA,NA,NA,NA,159,5.5,48.3,36.9,5.5,6.7,0.4,2.7,0.1,0,0.7,0.4,2,4,-120,-93,4.8,7.4,NA,NA,0.6,0.7,0.4,0.5,0.1,0.1,42.7,59.3,86,34,0.8,4.9,86.2,86.6,38.2,18.2,221,12.5,5.6,44,16,40,29,87.5,55.6,144.1,12,158.3,0,0,0,-62.1,0,0,NA,NA,NA,NA,13,9.3,0.04,0.1,12,0.1,0.1,54,2,95,3,6.3,63.6,35.4,327.8,934.6,0.7,2.9,3.8,61.2,100,100,65,50,0.9,910.8,14.4,7.2,6.6,7.1,38.4,37.3,0.29,0.18,20.1,26.7,54.4,86.6,NA,50.2,71.4,1.4,0.5,11.6,NA,42
Northern Mariana Islands,7,7,NA,NA,NA,NA,NA,NA,NA,NA,510,990,3.1,1.9,NA,0.1,1.6,3,0.3,NA,NA,NA,NA,NA,NA,NA,NA,NA,NA,NA,NA,NA,100,100,100,100,NA,NA,0,0,0,0,NA,NA,NA,NA,NA,NA,NA,NA,NA,-5.8,NA,15.3,76.3,11.8,NA,-40.1,8,47,NA,-81.3,NA,NA,95,NA,NA,NA,NA,NA,NA,NA,NA,NA,NA,NA,NA,NA,NA,NA,NA,NA,NA,NA,NA,NA,10,8,-0.5,0.5,69.5,63.8,2.2,2.2,2.2,2.2,0.02,0.02,90.2,NA,100,0,NA,NA,9.9,NA,NA,33.2,NA,NA
Norway,3,3,3.3,NA,327,285.5,23.5,203.9,3.9,2.1,NA,NA,2,3.9,0,0.3,1.6,1.7,2.3,3.8,-467,-581,8.6,11,NA,NA,1.5,1.7,7.4,9.3,0.2,0.1,100,100,100,100,100,100,60.2,57.8,99.7,97.7,382,3,0.8,28,41,31,142,100,100,75.9,NA,173.3,92.8,3.5,NA,195.3,13.3,58.5,NA,-97.3,21,20,4,5.3,0.04,0.1,28,0.1,0.1,82,7,87,6,10.5,85.1,14.5,NA,NA,0,4.6,18.1,67.2,100,100,24,18,-1.4,365.1,33.2,33.2,0,0,2.4,2.2,0.2,0.15,98.3,76.3,100,57.8,1.9,NA,7,16.9,9.3,5.1,0.5,96.4
Oman,4,5,5.9,125,6.6,4.9,275.4,468.1,6.9,4.8,58.1,58.1,0.8,5.7,NA,0.1,0.8,0.7,4.8,NA,-808,-206,15.1,6.6,NA,NA,2.7,2.5,6.3,15.2,0.2,0.4,NA,100,100,100,84.6,95.2,0,0,0,0,1.4,NA,84.7,NA,NA,NA,NA,94.7,77.9,114.3,NA,74.4,25.2,62.3,NA,66.2,12.6,75.3,NA,6.1,16,1,6,10.1,0.1,0.2,30,0.1,0.1,41,11,72,18,4.3,89.1,5.9,648.3,NA,0,2,4.3,30.5,100,87,28,15,-2.7,309.5,0,0,0.1,0.1,0.1,0.2,0.01,0.01,90.3,NA,100,0,0.2,NA,41.8,-11.3,15.2,1,0.4,80.2
Pakistan,48,48,50.5,494,NA,NA,123.5,144.3,42.3,42.3,105.2,105.2,1.5,1.1,1.1,0,0.4,1.5,0.6,3.5,20,24,7.7,9.4,NA,NA,1.6,1.9,0.6,0.9,0.2,0.2,70.4,71.4,99.9,55.3,22.6,43.3,51,46.5,25.2,31.4,55,183.5,333.6,94,1,5,1,94.2,89.9,NA,1,20.1,0,0,0,9.9,0,0,NA,NA,37,3,265,19.9,0.2,0.1,30,0.1,0.1,10,35,58,7,2.8,27.9,65.2,39.6,144.1,4.1,1,0.5,5.5,42.2,NA,67,63,1.7,770.9,2.7,1.9,0.9,1,40.3,40.3,0.22,0.15,35.3,NA,70.8,46.5,0.2,45.5,58.6,12.7,0.9,9.8,5,15.5
Palau,11,11,NA,494,NA,NA,NA,NA,NA,NA,NA,NA,2,3.5,NA,0.1,2.4,1.9,1.1,NA,NA,NA,NA,NA,235,260,3.2,NA,15.6,14.8,NA,1,NA,100,100,100,64.4,86.9,0,0,0,0,NA,NA,NA,NA,NA,NA,NA,100,100,138.4,NA,22,4,78.6,NA,37.6,5.4,78.9,NA,-69.2,23,8,109,17.9,NA,NA,NA,NA,NA,NA,NA,NA,NA,11.7,59.8,14.5,NA,NA,15.4,1.2,5.3,NA,NA,NA,30,20,-2.2,0.5,86.1,87.6,4.3,4.3,2.2,2.2,0.05,0.06,NA,NA,100,0,NA,NA,NA,NA,14.8,82.9,NA,NA
Panama,30,30,NA,NA,168.9,139,NA,49.1,17.4,15.4,147.2,147.2,1.7,3,0.2,0.1,1.4,1.6,1.6,3,59,81,13,18.6,NA,NA,1.9,2.1,1.1,2.3,0.1,0.1,81.4,96.8,99.6,91.2,78.7,89,34.4,21.2,70.4,65.3,136.6,1,0.8,43,1,56,28,98.1,92.9,-62.4,NA,-11.6,45.6,15,NA,-36,9.4,19.6,806,-90.3,10,2,52,7.7,0.6,0.9,30,0.2,0.1,54,16,75,10,7.3,65.6,27.4,NA,NA,0.7,1.6,1.4,26.2,96,90,38,32,0.6,74.3,65.5,61.9,2,2.5,7.4,7.6,0.18,0.14,NA,NA,100,21.2,0.1,25.8,11.5,25.3,2.3,5.2,11.9,57.9
Papua New Guinea,2,3,NA,NA,3.2,3.9,NA,112.1,73.1,68,58.9,NA,0.5,0.5,0.7,0,0.3,0.5,0.1,NA,NA,NA,NA,NA,NA,NA,NA,NA,0.5,0.8,0.2,0.2,11.2,49.4,79.3,44.9,6.8,13.4,66.4,52.5,47.1,34.5,801,0.4,0,NA,43,NA,NA,85.8,34.6,-20.3,NA,4.8,12.3,78.4,NA,4.4,2.5,87.5,NA,-45.3,49,24,432,17.9,0.4,0.8,58,0.2,0.3,65,36,56,8,2,70,7.9,55.2,92.3,22.1,0.1,0.5,2.3,NA,NA,87,87,1.9,452.9,74.2,74.1,1.4,1.5,0.5,0.7,0.04,0.04,NA,NA,54.4,52.5,0,NA,12.6,NA,0.8,0.7,NA,11.2
Paraguay,49,55,NA,NA,741,NA,NA,110.3,33.8,21.3,70,68.7,NA,NA,0.7,NA,NA,NA,NA,3.8,-49,-37,10.9,13.9,NA,NA,0.7,1.1,0.5,0.9,0.1,0.1,89.2,98.4,99.9,96.1,44.5,66.2,70.4,61.7,100,100,117,2.4,2.1,79,6,15,12,99.9,99.2,25.6,NA,42.3,13,65.9,NA,51.1,3,84.6,-883,-70.7,22,5,43,9.6,0.3,0.5,31,0.2,0.2,40,14,74,12,8,51.6,37.9,327.2,767.8,0,1.4,1.2,20.5,69,81,45,38,0.5,397.3,48.7,37.7,0.2,0.2,7.6,12.1,0.57,0.71,63.9,58.5,99.3,61.7,0.1,NA,11.6,14.5,0.9,14.3,9.3,61.1
Peru,18,19,NA,NA,NA,NA,38.8,127.7,34.2,28.4,35.3,NA,0.3,0.9,2,0,0.3,0.3,0.7,3,-9,-15,11.9,15,NA,NA,2.2,2.6,1,2.1,0.2,0.2,72.5,94.2,98.9,78,35.3,75.1,32.2,25.5,82,52.7,NA,13.6,0.8,89,2,9,10,95.6,75.6,73.6,NA,37.6,10.5,62.7,NA,29.1,6.1,76.4,NA,-15.4,NA,5,123,6.6,0.2,0.3,23,0.1,0.1,73,20,69,11,5.1,64.1,28.3,316.4,681,0.3,1.3,1.4,42.9,98,69,27,22,0.9,NA,59.5,57.7,0.7,1.1,3.4,2.7,0.17,0.11,50.4,42.8,96.4,25.5,0.1,34.2,25.5,7.1,2.1,13.1,7.2,48.7
Philippines,37,42,NA,NA,NA,NA,NA,157.4,37,27,116.8,116.8,2.6,5.7,0.8,0.3,3.3,2.4,2.4,NA,40,46,8.7,13.8,NA,NA,1.5,2.2,0.7,1.1,0.2,0.2,74.8,92.3,96.6,88.6,36.3,43.2,34.8,27.5,42.9,25.4,479,81.6,17,82,10,8,2,97.7,90,-12.5,NA,-39.5,63,23.6,NA,-8.6,13.7,59.4,NA,-89.8,41,8,554,7.1,0.24,0.1,6,0.3,0.1,44,25,67,8,4.4,31.5,53.9,129.4,342.3,2.2,1.3,0.2,9.6,91.8,90,54,53,1,298.2,23.6,27.8,15.8,17.9,16.9,18.7,0.06,0.05,46.7,51.6,93,27.5,0.2,38.3,18.2,28.5,1.1,3.1,9.5,60.1
Poland,55,47,0.9,600,NA,NA,94.9,172.8,19.6,10.6,933.8,NA,1.2,1.7,0,0.2,0.6,0.9,1.1,3.3,-1,29,3.8,10.2,NA,NA,3.6,3,9.7,7.5,0.9,0.3,100,100,100,100,100,100,6.9,11.9,1.6,13.8,53.6,11.5,21.4,10,NA,NA,45,99.8,99.5,24.6,NA,31.5,12.7,33.8,NA,-18.9,11,55,NA,NA,33,23,16,6.1,NA,NA,NA,NA,NA,NA,5,90,5,6.5,69.7,22.9,809,NA,0.2,2.4,5.7,67.9,100,100,38,40,0.1,306.2,29.6,30.9,1.1,1.3,45.7,35.3,0.37,0.28,99.2,93.3,100,11.9,1,NA,21,10.6,7.5,38.1,0.8,76
Portugal,42,39,13.1,854,514.9,257.3,400.3,199.4,12.6,6.9,970.2,NA,1.4,3.6,0,0.6,1.3,0.8,2.4,NA,80,77,12,12.5,NA,NA,2.5,2.1,4.2,4.3,0.2,0.2,100,100,100,100,100,100,20.1,27.2,29.7,47.5,38,9.1,24.1,NA,NA,11,26,100,99.7,12,NA,31.9,0,21.5,220,-33.2,0.1,96,-4,-98.2,30,16,24,9.8,0.1,0.5,29,0.1,0.1,90,10,86,4,9.1,66.4,27.8,NA,NA,NA,3.3,6.4,86.1,100,100,46,35,-1.8,91.6,36.5,34.6,8.6,8.3,19.1,10.7,0.17,0.09,95.3,84.7,100,27.2,1.2,NA,8.1,3.4,4.3,16.9,1,73.8
Puerto Rico,25,22,NA,NA,0.2,0.1,NA,NA,2,1.4,501.2,501.5,5.7,8.9,0,4.8,0.5,0.9,8.4,NA,NA,NA,NA,NA,NA,NA,NA,NA,NA,NA,NA,NA,100,100,100,100,NA,NA,0.7,1.8,0.7,1.8,7.1,1,14.3,2,76,23,97,NA,NA,369.3,NA,834.7,97.6,0.4,339,-74.7,28.1,19.6,NA,NA,NA,NA,1,13.7,NA,NA,NA,NA,NA,NA,NA,NA,NA,NA,NA,NA,NA,NA,NA,NA,NA,NA,NA,NA,6,6,-3.8,8.9,50.7,56.3,4.7,5.6,6.7,6.9,0.02,0.02,94.1,32.5,100,1.8,0.4,NA,8.3,NA,NA,2,16.7,70.6
Qatar,6,6,NA,74,1.6,0.3,3.3,NA,2.4,1.2,63.1,63.1,12.1,12.8,NA,0.7,2.5,11.4,10.3,NA,-324,-399,NA,6.5,NA,NA,1.8,2.4,24.7,43.9,NA,0.4,100,100,100,100,92.1,98.5,0,0,0,0,0.1,0.2,387.5,NA,2,NA,NA,NA,NA,-50.8,NA,-31.3,46.5,32.9,NA,-62.9,5.4,59.7,NA,-67.9,27,1,31,15.6,NA,NA,NA,NA,NA,NA,5,69,26,3.1,81.6,8.6,NA,NA,0,0,6.6,14.5,100,77,4,1,-4.3,11.6,0,0,0.3,0.2,1.1,1.2,0.02,0.01,96.2,96,100,0,0.5,NA,88.2,26.8,43.9,4.7,0.4,97.4
Romania,64,59,1.1,637,NA,NA,116.9,59.9,37.7,23.1,170.6,201.2,2.4,2,0.1,0.1,0.5,2.3,1.4,3.3,34,17,4.3,12.4,NA,NA,2.8,2.2,7.5,3.5,0.7,0.2,100,100,100,100,64.5,85.9,16.4,23.7,28.5,39.7,42.4,6.4,15.1,18,67,15,28,100,100,-22,NA,-12.7,79.5,8.2,NA,-59.4,11.5,49.6,NA,1.5,37,23,68,6.9,0.1,0.1,36,0.1,0.1,67,4,92,4,5,78.2,20.7,476.4,NA,0,2.3,6.1,60.5,NA,100,47,46,-0.7,230.1,27.7,30.1,2.3,1.8,40.8,37.3,0.42,0.44,81.9,76.5,100,23.7,0.5,NA,14.5,3.4,3.5,24.3,1.5,63.7
Russian Federation,13,13,NA,460,NA,NA,10.9,18.5,11.3,6.7,60.1,27.1,0.8,1.2,0.1,0,0.3,0.8,0.9,NA,-47,-84,3.5,5.2,NA,NA,2.6,2.4,14,11.9,0.8,0.5,100,100,100,100,92.7,98.3,3.5,3.3,18.7,15.9,NA,61,1.4,NA,NA,NA,28,98.6,92.6,105.7,NA,98.2,33.3,38.7,NA,137.5,10.1,79.7,769,198.6,58,23,54,6.1,NA,NA,NA,NA,NA,NA,5,87,8,5.3,57,40.5,469.1,NA,NA,4,8.6,63.1,100,100,27,26,-0.6,NA,49.4,49.8,0.1,0.1,7.6,7.5,0.85,0.85,76,61.3,100,3.3,1.1,NA,16.2,8,11.9,7.6,11.6,76
Rwanda,74,73,NA,NA,299.9,454.4,NA,10.9,87.7,67.5,0.7,0.5,NA,NA,1.3,NA,NA,NA,NA,NA,NA,NA,NA,NA,543,840,NA,NA,0.1,0.1,0.1,0,6.2,29.4,80,19,0.3,0.6,86.7,86.7,96.5,56.9,9.5,NA,NA,NA,NA,NA,NA,82.2,52.6,24,133,16.2,5.1,70.5,40,17.1,6.4,82.7,55,-100,21,5,59,5.1,0.5,2.5,62,0.5,0.9,87,42,44,14,6.8,33.9,6.4,48.1,130.4,50.6,0.1,0.8,0.8,56,NA,85,83,2.5,24.7,13.9,19.7,10.1,10.1,36.5,46.7,0.11,0.1,NA,NA,34.1,86.7,0.7,53.2,42.8,-4.4,0.1,9.1,2.5,21.8
Samoa,17,12,NA,NA,NA,NA,NA,4.6,40,5.3,60,72.3,0.4,1.4,0,0,0.3,0.3,1.1,3.5,NA,NA,13.9,NA,103,198,2.4,NA,0.6,1,0.2,0.2,87.3,99.8,99.9,99.8,20.2,32.3,45.4,34.3,49.6,30.4,NA,NA,NA,NA,NA,NA,NA,100,96.8,NA,NA,NA,NA,NA,NA,NA,NA,NA,NA,NA,38,17,6,9.2,NA,NA,NA,NA,NA,NA,12,81,7,5.5,76.4,11.9,227.1,352.8,10.8,0.3,1.9,1.6,59,NA,78,82,0.7,2.8,60.4,60.4,11,7.8,4.9,2.8,0.08,0.04,58.8,48.5,96.8,34.3,NA,NA,11.4,NA,1,0.2,3.1,33.6
San Marino,17,17,NA,NA,NA,NA,NA,NA,NA,NA,NA,NA,0,0,NA,0,0,0,0,NA,NA,NA,NA,NA,NA,NA,NA,NA,NA,NA,NA,NA,100,100,100,100,100,100,NA,NA,0,0,NA,NA,NA,NA,NA,NA,NA,NA,NA,100.6,46,60.6,40.1,12.6,10,56.3,14.3,50.8,87,-100,NA,NA,0,5.9,NA,NA,NA,NA,NA,NA,NA,NA,NA,6.4,80.4,18.8,NA,NA,NA,6.1,8.8,112.9,100,NA,7,3,-5.1,0.1,0,0,NA,NA,16.7,16.7,0.04,0.03,100,77.2,100,NA,NA,NA,NA,NA,NA,NA,NA,60.2
Sao Tome and Principe,53,51,NA,NA,1.2,0.5,NA,NA,29.8,24.2,NA,NA,0.9,1.3,NA,0.1,0.2,0.8,1.1,NA,NA,NA,NA,NA,48,114,2,NA,0.4,0.6,NA,0.2,52.9,70.1,79.9,46,17.7,16.8,54.7,41.1,26.1,10.5,2.2,NA,NA,NA,NA,NA,NA,87.1,77,NA,NA,104.5,85.5,3.4,NA,1.8,14.9,45.4,NA,18.5,NA,NA,124,2.4,NA,NA,NA,NA,NA,NA,34,55,11,6,39.9,14.4,105.1,196.9,44.6,0.3,2.3,NA,95,NA,47,27,-1.1,1,58.3,55.8,43.8,40.6,6.3,9.1,0.04,0.04,NA,NA,72.5,41.1,NA,86.6,28.7,NA,0.6,0.2,NA,29.9
Saudi Arabia,81,81,NA,59,704.8,267,13.3,176.9,4.7,5,26.9,NA,0.4,5.2,0,0.1,0.6,0.3,4.6,NA,-535,-192,12,7.2,NA,NA,3.2,2.8,11.4,19.4,0.3,0.4,NA,100,100,100,94.9,96,0,0,0,0,2.4,22.6,943.3,88,3,9,21,NA,NA,391.9,NA,76.4,16.5,65.6,NA,121.1,2.5,87.9,NA,NA,25,2,10,15.8,NA,NA,NA,NA,NA,NA,11,73,16,5.7,67.8,14.3,NA,NA,0,2.4,5.7,NA,NA,51,20,16,0.4,NA,0.5,0.5,0.1,0.1,1.7,1.6,0.17,0.11,NA,77.8,100,0,0.8,NA,84.5,13.4,19.4,4.5,1.5,82.1
Senegal,45,46,NA,686,NA,NA,8,16.4,47.7,33,1.8,2.2,3.5,10.1,0.6,0.1,4.2,3.4,5.8,2.8,43,53,10.4,10.4,NA,NA,1.9,2.2,0.4,0.6,0.2,0.2,37.7,64.5,87.7,44.5,31.8,31.7,47.5,42.7,3.3,10.4,25.8,NA,NA,NA,NA,NA,NA,92.3,70.5,NA,NA,-100,0,0,NA,-100,0,0,NA,NA,17,0,118,2.4,0.1,0.4,67,0.1,0.2,63,46,42,12,5.5,34.6,51.8,52.6,141.7,6.2,0.1,0.3,1.1,77.4,NA,60,53,1.9,192.5,46.2,42.8,0.3,0.4,17.3,16.6,0.34,0.21,NA,21.5,61.7,42.7,0.6,39.4,38.7,12.3,0.6,14.6,NA,46
Serbia,NA,39,1.3,686,NA,NA,302.5,244.8,24.2,18.6,26.2,22,NA,NA,0,NA,NA,NA,NA,NA,30,29,NA,7.5,NA,NA,NA,2.8,NA,5.3,NA,0.4,100,100,100,100,52,76.4,23.6,21.2,35.1,26.9,8.4,4.2,49.4,3,NA,NA,11,83.3,88.4,149.2,24,35.6,16,14,23,72.5,21.6,22.4,382,0,40,38,17,9,0.04,0.1,16,0.1,0.1,65,2,95,3,9.1,58,40.5,494.4,NA,0.1,3.1,6.1,86.7,99,90,47,44,-0.9,87.5,28.3,31.1,NA,2.1,NA,29.7,NA,0.37,74.7,24.7,100,21.2,0.8,NA,24.8,-3.2,5.3,6.6,1.2,70.3
Seychelles,9,3,NA,NA,NA,NA,NA,521.7,NA,NA,NA,NA,16.4,16.6,0.1,2.2,14.2,14.2,2.5,NA,NA,NA,26.3,NA,150,495,4,NA,2.2,5.4,0.2,0.2,94,100,100,100,76.8,90.4,0.6,1.4,0,2.4,NA,0,NA,NA,28,NA,NA,NA,NA,22.7,NA,15.2,24.2,57.3,NA,34.7,3.3,79.9,NA,24.5,36,7,18,12.3,NA,NA,NA,NA,NA,NA,12,81,7,3.9,96,2.1,596.9,NA,1.9,0.9,3.3,48.6,NA,100,50,43,0,0.5,88.4,88.4,6.5,3,2.2,0.3,0.01,0,NA,NA,100,1.4,0.2,NA,20.4,NA,5.4,0.1,7.5,58.8
Sierra Leone,45,55,NA,NA,468.4,863.8,NA,NA,68.5,59.5,1.7,NA,2.9,3.8,0.2,0,2.9,2.8,0.9,3,NA,NA,NA,NA,488,NA,NA,NA,0.1,0.2,0.1,0.1,NA,20.3,46.9,1.6,0.1,1,89.3,77.7,16.6,61,160,0.2,0.1,NA,26,NA,NA,75.8,50.1,NA,NA,143.3,59.2,1.4,NA,111.2,4.7,1.8,NA,413.4,41,9,298,2.4,0.9,1.5,61,0.5,1.1,41,58,33,9,16.5,11.2,41.6,86.3,244,41,0,1,0.1,81,NA,64,58,1.4,72.2,40.5,43.1,1.7,2.3,6.8,21.9,0.11,0.22,9.9,13.3,23.4,77.7,NA,75.6,21.3,-33.5,0.2,3.3,1.7,9
Singapore,2,1,NA,NA,NA,NA,NA,NA,0.8,0.5,NA,NA,8.2,10.3,NA,4.5,4.7,3.7,5.7,NA,99,98,9.2,16,NA,NA,3.9,2,14.6,10.3,0.4,0.1,100,100,100,100,100,100,0.3,0.7,0.8,1.8,0.6,NA,NA,NA,NA,NA,NA,100,NA,NA,NA,NA,NA,NA,NA,NA,NA,NA,NA,NA,28,5,47,5.5,0.07,0.2,10,0.1,0.1,78,23,74,4,4.5,54.5,31.2,NA,NA,0,2.3,7.2,31.5,NA,74,0,0,NA,0.7,24.4,23.1,0.3,0.1,1.5,0.8,0,0,100,100,100,0.7,2.3,NA,18.8,36.8,10.3,2.5,0.3,84.4
Sint Maarten (Dutch part),NA,NA,NA,NA,NA,NA,NA,NA,NA,NA,NA,NA,NA,NA,NA,NA,NA,NA,NA,NA,NA,NA,NA,NA,NA,733,NA,NA,NA,19.5,NA,0.6,NA,100,100,100,NA,NA,NA,0,0,0,NA,NA,NA,NA,NA,NA,NA,NA,NA,-35.9,NA,-36.8,23,33.5,NA,-46.9,12.2,37.4,NA,347.1,NA,NA,19,6.8,NA,NA,NA,NA,NA,NA,NA,NA,NA,NA,NA,NA,NA,NA,NA,NA,NA,NA,NA,NA,0,0,NA,0,NA,NA,NA,NA,NA,NA,NA,NA,NA,NA,100,0,NA,NA,NA,NA,19.5,8.1,NA,NA
Slovak Republic,47,39,1.2,824,820,753.8,59.5,125.8,6.6,2.9,153.7,154.6,NA,NA,0,NA,NA,NA,NA,NA,75,61,3.4,9.5,NA,NA,2.4,1.9,8.3,5.7,0.7,0.2,100,100,100,100,93.8,96.6,3.7,13.4,15,22.7,12.6,0.6,4.4,4,49,46,175,99.6,100,5.5,NA,-7,38.9,36.5,NA,-8.1,12.1,72.3,NA,-36.3,38,23,6,6.5,0.04,0.1,14,0.1,0.1,54,5,89,6,7.1,79.8,17.8,NA,NA,0,2.5,9.2,53.9,100,100,44,46,0.2,48.1,39.9,40.4,1,0.4,31.8,28,0.28,0.25,99.8,82.5,100,13.4,1.2,NA,17.4,5.6,5.7,37.6,0.8,81.6
Slovenia,25,31,0.5,NA,100.4,99.4,NA,258.9,9.7,5,NA,NA,0.1,0.8,0,0.1,0.1,0,0.7,NA,46,49,6.6,9.2,NA,NA,2.4,1.9,6.3,6.2,0.4,0.2,100,100,100,100,88.9,96.2,15.9,20.9,28.7,29.4,18.7,1.2,6.2,0,85,14,40,99.7,99.4,-22.2,NA,-29.2,1,96.8,NA,-27.6,0.2,99.3,229,-100,25,20,5,5.9,NA,0.1,NA,NA,NA,NA,5,88,7,8.5,72.3,12,NA,NA,NA,3,9.7,66.7,100,100,49,45,-0.5,20.1,61.2,62,1.5,2.7,8.6,9.1,0.09,0.09,98.1,83,100,20.9,2.2,NA,15.9,10.1,6.2,55.1,1,78.9
Solomon Islands,3,4,NA,NA,0.5,1.6,NA,NA,65.6,61.7,NA,NA,1.6,2.9,0.1,0,1.8,1.6,1,2,NA,NA,11,NA,147,202,2.8,NA,0.5,0.3,0.2,0.2,6.6,58.6,70.6,55.1,6.3,8.5,66.9,63.3,0,2.3,44.7,NA,NA,NA,NA,NA,NA,91.4,60.6,22.1,NA,24.1,16.6,77.9,NA,22.9,5.1,90.8,-392,-20.4,NA,NA,74,19,NA,NA,NA,NA,NA,NA,22,69,9,5.2,69.2,4.6,106.3,117.8,26.2,0.2,2.1,2.5,88,NA,84,76,2,28,81,77.9,2,2.9,0.5,0.7,0.03,0.03,NA,NA,62.9,63.3,NA,NA,11.8,NA,0.3,0.2,NA,11.9
Somalia,70,70,NA,282,574,280.7,NA,NA,74,72.5,9.6,12,0.3,2.5,4.6,0,1.2,0.3,1.3,NA,NA,NA,NA,NA,733,609,NA,NA,0.1,0,NA,NA,7.4,31.2,60.7,8.1,0.6,2.3,93.3,94.3,0,0,6,NA,55,NA,NA,NA,NA,82.9,28.1,43.8,NA,18.3,47.1,30.3,NA,-7.6,11.9,63.8,NA,894.6,NA,NA,262,5.1,0.04,0.1,59,0.1,0.1,30,64,24,12,NA,NA,NA,NA,NA,NA,0,0.1,0.2,NA,NA,67,55,1.8,627.3,12,10,0,0,1.7,1.8,0.12,0.08,NA,NA,32.9,94.3,NA,73.6,31.8,NA,0,0.8,NA,2
South Africa,81,80,NA,495,NA,NA,182.5,58.5,10.9,5.6,52.3,47.5,0.1,0.2,1.8,0,0.1,0.1,0.1,NA,-26,-14,4,4.6,NA,NA,3.4,3.3,8.5,9,0.9,0.7,71.7,84.2,93,67.7,56.4,84.8,18.5,17.2,0.7,2.3,44.8,15.5,34.6,63,10,27,26,98.9,80.7,NA,NA,NA,NA,NA,NA,NA,NA,NA,NA,NA,33,8,520,12.7,8.7,20.4,62,3.7,11.3,62,40,51,9,8.1,53.7,7.8,428.2,NA,1.9,0.9,3.5,11.4,89,91,43,34,-0.1,NA,7.6,7.6,0.3,0.3,11.4,10.3,0.31,0.22,NA,NA,84.4,17.2,0.8,23,25.1,0.6,9,10.3,33.8,56.2
South Sudan,NA,NA,NA,900,NA,548,NA,NA,44.6,48.1,NA,NA,NA,NA,NA,NA,NA,NA,NA,NA,NA,NA,NA,27.4,NA,NA,NA,2.1,NA,0.1,NA,0.1,NA,22,36.8,18.5,0.5,0.6,NA,39.1,0,0.6,26,0.7,2.5,36,34,29,21,64.8,34.9,18.7,NA,13.4,9.2,55.5,NA,-20.3,11.1,65.5,NA,105.5,NA,NA,146,10.2,2.6,2.5,59,0.7,1.2,16,63,27,9,NA,NA,NA,NA,NA,NA,NA,NA,0.3,35,NA,83,80,0.3,NA,NA,NA,NA,NA,NA,NA,NA,NA,NA,NA,25.4,39.1,NA,95.6,44.8,NA,0.1,15.5,13.9,8
Spain,59,53,13.8,636,NA,NA,110.5,144,6,4.2,671.4,831.2,0.8,4.4,0.7,0.4,0.9,0.4,3.5,NA,62,71,10.3,12.6,NA,NA,2.4,2,5.6,5,0.2,0.2,100,100,100,100,100,100,7.9,16.3,15.6,34.9,111.2,36.8,33,68,18,14,37,99.9,100,65.7,NA,3,5.1,67.1,NA,23.6,13.1,64.5,988,-89.6,31,27,9,6.9,0.13,0.3,18,0.1,0.1,84,5,91,4,9,71.2,23.8,NA,NA,NA,4.1,5.5,79.9,100,100,24,20,-0.9,499.6,34,36.9,9.8,9.4,26.9,24.7,0.33,0.27,98.4,96.6,100,16.3,1.2,NA,9.7,9.1,5,15,0.7,84.6
Sri Lanka,38,44,NA,NA,848.8,999.8,NA,131.9,38.4,27,NA,NA,2.1,3,2.2,0.4,1.5,1.7,1.4,3.5,24,50,11.3,20.7,NA,NA,0.7,1.7,0.2,0.9,0.1,0.1,63.6,95.8,100,94.8,15.6,26.3,64.2,52.9,45.8,48.5,52.8,13,24.5,NA,6,NA,NA,96.9,87.7,NA,30,16.4,1.2,34.3,15,90.2,8.8,63.6,NA,NA,27,0,64,10.7,0.01,0.1,30,0.1,0.1,45,8,83,10,3.9,43.1,50.1,153.1,491.5,1.1,1,2.1,2.8,NA,NA,82,82,0.9,62.7,35,32.9,15.9,15.9,14.6,20.7,0.05,0.06,NA,NA,97.5,52.9,0.1,NA,14,28.5,0.9,3.4,2.4,34.1
St. Kitts and Nevis,31,23,NA,NA,NA,NA,NA,0.5,NA,NA,207.1,55,3.8,3.9,NA,1.7,1.9,2,2,3.5,NA,NA,29.2,NA,106,231,4.9,NA,2.6,4.5,0.2,0.2,93.5,100,100,100,100,100,26.6,1.6,0,4.6,0,0,51.3,1,0,99,62,NA,NA,115.3,44,18.2,5.4,44.7,35,13.5,10.5,48.7,4,100,NA,NA,0,13.3,NA,NA,NA,NA,NA,NA,NA,NA,NA,5.7,43.2,51.5,930.8,NA,0,2.5,4,33.5,NA,79,67,69,0.8,0.3,42.3,42.3,1.9,0.4,26.9,19.2,0.16,0.1,NA,NA,100,1.6,NA,NA,NA,NA,4.5,0.3,34.2,80.7
St. Lucia,21,17,NA,NA,NA,NA,NA,170.9,19.2,10.2,675,58.3,1.6,1.6,NA,0.8,0.7,0.7,0.9,3.3,NA,NA,23.8,NA,161,407,2.9,NA,1.2,2.3,0.1,0.2,89.9,98.1,96.6,98.4,86.3,97.2,2.6,2.1,0,0,0.3,0,14.3,71,0,29,31,97.8,98.2,NA,NA,NA,NA,NA,NA,NA,NA,NA,NA,NA,NA,NA,3,11.6,NA,NA,NA,NA,NA,NA,10,82,8,5.3,42,48.7,489.8,677.4,3.7,0.1,1.6,23.6,92,85,72,81,0.4,0.6,34.8,33.2,17.9,11.5,3.3,4.9,0.01,0.02,NA,NA,98.8,2.1,NA,NA,22.4,-2.3,2.3,0.9,15.8,50.8
St. Martin (French part),NA,NA,NA,NA,NA,NA,NA,NA,NA,NA,NA,NA,NA,NA,NA,NA,NA,NA,NA,NA,NA,NA,NA,NA,NA,NA,NA,NA,NA,NA,NA,NA,NA,100,100,100,NA,NA,NA,NA,0,0,NA,NA,NA,NA,NA,NA,NA,NA,NA,127,40,34.1,5.2,24.7,18,3.1,12.6,47.9,-47,NA,NA,NA,NA,NA,NA,NA,NA,NA,NA,NA,NA,NA,NA,NA,NA,NA,NA,NA,NA,NA,NA,NA,NA,NA,NA,NA,NA,0.1,18.4,18.4,NA,NA,NA,NA,NA,NA,NA,NA,100,NA,NA,NA,NA,NA,NA,92,17.1,NA
St. Vincent and the Grenadines,26,26,NA,NA,0,0,NA,NA,15.9,13.8,208,224,3.4,3.7,0,0.5,3.1,2.9,0.7,NA,NA,NA,20.4,NA,81,209,2.7,NA,0.8,1.9,0.1,0.2,79.9,99.9,97.4,100,95.4,96,8.5,5.8,26.6,15.7,0.1,0,7.9,0,0,100,89,NA,NA,430.9,NA,104.8,6.4,87.9,NA,136.1,0.7,90.7,NA,NA,NA,NA,6,11.6,NA,NA,NA,NA,NA,NA,13,81,6,3.6,76.8,20.5,250.2,409.1,0.6,0.7,2.6,23.6,NA,100,55,48,-0.5,0.4,66.7,69.2,7.7,7.7,12.8,12.8,0.05,0.05,NA,NA,100,5.8,NA,NA,22.1,0.4,1.9,0.5,36.5,22
Sudan,NA,NA,NA,250,NA,NA,NA,7.2,48.5,43.4,NA,NA,0.1,0.3,2.8,0,0.1,0.1,0.2,NA,17,-9,4.3,10.5,NA,NA,0.5,1,0.2,0.3,0.1,0.1,23,52.9,80.6,38.5,14.2,41.3,80.4,61.6,46,64.5,4,26.9,673.3,96,0,4,2,73.8,53.2,-74.7,709,-28.1,3.6,79.3,273,-39.5,3.5,52.2,-476,-99.8,NA,NA,71,22.1,0.2,0.2,47,0.1,0.1,15,35,52,13,5.7,19.5,73.9,152,297.9,2.2,0.4,0.8,2.7,67,NA,68,65,2,NA,NA,NA,NA,NA,NA,NA,NA,NA,NA,NA,56.5,61.6,NA,91.6,54.1,0.2,0.3,2.8,NA,30.9
Suriname,0,1,NA,NA,40.1,62.7,NA,217.7,7.5,7.2,161.1,215.5,2.7,56.2,0.3,0.2,4.6,2.5,51.6,NA,NA,-44,NA,12.2,NA,NA,NA,2.9,4.4,3.6,0.4,0.2,97.2,96,99.4,89.3,79.9,89.6,26.5,24.9,88.4,60.1,99,0.6,0.6,70,22,8,6,98.2,90,53.8,NA,21.4,11.7,57.3,569,4.7,4.3,91,922,375.8,43,7,38,12.5,0.8,1.4,43,0.3,0.3,52,13,76,11,6.1,69.4,21.8,356.1,907.6,1.4,1.2,4.1,NA,99,100,34,34,0.9,156,98.7,98.3,0.1,0,0.4,0.4,0.12,0.12,NA,NA,96.8,24.9,NA,7.3,25.3,NA,3.6,8.5,6.1,48.9
Sweden,8,7,NA,624,NA,NA,NA,96.3,2.5,1.9,610.4,591.5,1,3.7,0,0.3,1.1,0.6,2.6,3.8,37,25,5.6,9.1,NA,NA,1.1,0.9,6.1,4.5,0.2,0.1,100,100,100,100,100,100,40,53.2,57.2,63.3,171,2.7,1.6,4,58,38,184,100,100,-14.8,NA,-10.6,11,28.2,NA,-25.4,19,59.8,NA,86.1,19,19,6,4.8,NA,NA,NA,NA,NA,NA,5,90,5,10.9,83.5,15.2,NA,NA,NA,5.4,11.5,113.1,100,100,16,13,-1,407.3,68.6,68.9,0,0,6.6,6.3,0.3,0.26,99.9,93.4,100,53.2,3.3,NA,6.1,19.1,4.5,15,1.1,95.5
Switzerland,39,38,2.2,NA,173.5,144.3,NA,214.4,4.3,3.4,NA,NA,0,0,0,0,0,0,0,4.8,58,50,13.3,19.4,NA,NA,1.7,1.4,6.3,4.3,0.1,0.1,100,100,100,100,100,100,18.6,25.3,57,62.2,40.4,2,5,8,32,60,299,100,100,-4.1,NA,-17,21.6,64.6,NA,-17.1,15.8,58,NA,-5.5,29,23,6,5.7,NA,NA,NA,NA,NA,NA,4,90,6,12.2,62.8,29.6,NA,NA,NA,4.2,17.3,94.8,100,100,27,26,0.6,39.5,30.2,31.8,0.6,0.6,10.3,10.1,0.06,0.05,95.5,99.5,100,25.3,3.4,NA,10.3,16.4,4.3,9.7,0.7,89.7
Syrian Arab Republic,75,76,NA,252,NA,NA,85.4,7.6,28.7,14.6,215,215,0,0.1,0.5,0,0.1,0,0,3.5,-113,48,NA,NA,NA,NA,3.6,2.8,3,1.6,NA,NA,86.6,89.7,100,78.2,97.2,99,2,0.5,12.8,2.3,7.1,14.1,198.3,NA,4,NA,NA,99,95.2,58.7,NA,52.5,45.4,35,NA,41.9,4,80.5,NA,983.4,NA,NA,19,13.5,0.01,0.1,31,0.1,0.1,20,5,45,50,NA,NA,NA,NA,NA,NA,1.2,1.5,NA,NA,92,48,46,-2.4,183.6,2.4,2.7,4.4,5.8,24.7,25.4,0.28,0.27,NA,NA,89.6,0.5,0,19.3,43.7,NA,1.6,0.7,NA,34.3
Tajikistan,33,34,NA,691,363.9,408.2,121.5,81.4,57,51.5,310.2,310.2,NA,NA,5.4,NA,NA,NA,NA,NA,62,36,3.6,7.6,NA,NA,1.8,1.9,1.3,0.6,0.6,0.2,98.5,99.9,99.7,100,38.7,80.4,62.4,44.7,98.4,98.5,63.5,11.2,17.6,91,4,6,0,96.2,75.6,-29.1,NA,25.8,11.8,71.3,NA,22.9,1.3,87.7,NA,-86.9,NA,NA,84,6.1,0.2,0.2,28,0.1,0.1,46,23,69,8,7,28.6,66.1,55.7,208.5,5.1,1.7,5.2,41.7,95.8,NA,73,73,2.2,138.8,2.9,3,0.7,1,5.6,5.3,0.13,0.08,47.9,NA,99.3,44.7,0.1,NA,43.4,6.3,0.6,22.3,NA,22
Tanzania,39,45,NA,NA,NA,NA,NA,12.6,80.7,67.5,19,24.7,0.1,0.7,1.5,0,0.4,0.1,0.3,3.5,7,11,3.9,5,NA,NA,0.2,0.5,0.1,0.2,0.1,0.1,9.6,32.8,65.3,17.3,1.1,2.2,93.7,85.7,86.4,34.2,84,NA,NA,NA,NA,NA,NA,85.5,42.5,147.8,NA,4.1,22.2,60.2,NA,-37.5,5.1,82.6,NA,319.3,27,3,253,5.7,2.5,4.6,60,1.2,2.2,71,56,33,11,4.1,40.6,21.9,35.5,112,36.4,0,0.4,0.5,26.4,NA,78,66,1.9,885.8,58.6,51.6,1.6,2.4,9.7,15.2,0.26,0.25,NA,25.4,32.8,85.7,0.5,50.7,28.4,23.1,0.2,31,7,25
Thailand,39,43,NA,NA,NA,NA,NA,161.7,43.9,31.2,280.5,280.5,2.9,10.3,3.8,0.8,4.1,2.1,6.3,3.8,37,42,9,7.5,NA,NA,2.2,2.3,1.6,4.6,0.2,0.3,82.1,100,99.9,100,68,74.4,22,22.9,6.8,8.5,224.5,57.3,25.5,90,5,5,5,99.9,100,111.7,NA,25.3,22.2,62.4,NA,67.5,13.5,69.8,NA,227.6,39,2,153,7,0.2,1.1,44,0.3,0.2,75,16,74,10,3.7,78.1,12.1,221.9,635,0.2,0.8,3,13.1,100,NA,69,50,-1.2,510.9,33.3,32.2,6.6,8.8,30.6,32.9,0.25,0.24,NA,NA,100,22.9,0.6,25,26.3,14,4.6,12.5,3.5,52.9
Timor-Leste,24,26,NA,NA,88.4,85.4,NA,NA,52.6,49.6,7.1,NA,0.7,0.9,0,0,0.8,0.7,0.1,NA,NA,NA,NA,NA,NA,469,NA,NA,NA,0.4,NA,0.1,25.6,76.5,98.4,67.2,2.3,6.9,48.3,18.2,0,0,8.2,NA,14.3,NA,NA,NA,NA,98.3,69.7,111.8,732,115,1.2,86.4,226,102.2,1.1,88,-556,-500,78,6,498,6.7,NA,NA,NA,NA,NA,NA,46,45,9,4,55.8,8.9,79.9,121.7,31.6,0.7,1.7,0.9,60.4,NA,76,69,1.4,14.9,57.4,45.4,4.5,5,8.1,10.4,0.14,0.13,NA,NA,80.4,18.2,NA,NA,20,-14.6,0.4,4.4,3.9,27.5
Togo,64,70,NA,NA,708.6,NA,11.5,11,37.9,35.3,0.3,0.6,0.4,3.6,0.5,0.1,0.2,0.3,3.4,NA,17,20,3.9,3.1,774,NA,0.6,0.8,0.2,0.4,0.2,0.3,17,47.4,87.1,20.2,0.3,6.7,77.1,71.3,57.1,75.3,11.5,NA,NA,NA,NA,NA,NA,89.1,48.4,71,NA,72.9,27.9,39,NA,39.9,3.8,66.7,NA,57.3,14,1,36,2.4,1.06,2.3,64,0.5,1,60,52,38,11,6.6,20,50.4,38.8,99.9,20.7,0,0.3,0.5,78,NA,67,58,1.5,54.4,8.9,3.1,2.4,3.1,46,48.7,0.51,0.35,NA,NA,48,71.3,0.3,51.2,37.1,-7.5,0.4,21.8,NA,12.4
Tonga,42,46,NA,NA,NA,NA,NA,39.3,31.9,30.8,80,162,7.3,7.5,NA,1.6,4.6,5.8,2.9,NA,NA,NA,13.4,NA,77,121,3,NA,0.8,1.2,0.2,0.2,85.4,97,98.6,96.5,48,59.2,2.5,1.9,0,5.9,NA,NA,NA,NA,NA,NA,NA,99.8,99.9,24.8,61,8.7,1.5,70.7,22,14.8,3.3,95.8,-116,-100,44,12,10,15.7,NA,NA,NA,NA,NA,NA,12,83,6,5.3,65.9,11,203.2,311.4,19.4,0.5,3.9,14,93,NA,77,77,1.2,0.7,12.5,12.5,15.3,15.3,20.8,25,0.15,0.18,NA,NA,98,1.9,NA,NA,11,NA,1.2,1.5,1,41.2
Trinidad and Tobago,12,11,NA,NA,4.3,3.4,0.2,356,6.9,3.2,NA,NA,2.7,2.9,0,0.9,0.9,1.7,2,NA,-111,-103,2.2,2.2,NA,NA,2.8,2.4,13.9,34,1.3,1.1,91.3,100,100,100,98.7,99.3,0.8,0.3,0.4,0,3.8,0.3,8.8,4,34,62,66,NA,NA,NA,NA,386.9,86.6,0.5,281,-51.5,12.1,50.4,NA,NA,NA,NA,21,11,NA,NA,NA,NA,NA,NA,9,81,10,6.5,52.8,40.1,NA,NA,0.1,2.7,3.5,30.9,97,85,44,47,0.5,5.1,45.5,46,4.9,4.3,6.8,4.9,0.03,0.02,NA,NA,100,0.3,0.1,NA,24.2,NA,34,2,30.9,77.3
Tunisia,63,65,NA,207,446.2,858.7,15.6,59.3,19,15,114.2,142.6,1.9,8.5,0.1,0.5,1.5,1.4,7,NA,-16,36,9.3,11.4,NA,NA,2.7,2.7,1.6,2.6,0.3,0.2,94.8,100,100,100,93.3,99.1,14.2,12.6,0.8,2.8,4.2,3.2,76.7,80,5,15,13,99.7,88.7,87.2,NA,88.4,56,31.8,NA,27.4,8.6,68,NA,435.4,66,1,35,8.5,0.04,0.1,33,0.1,0.1,39,8,86,6,7,56.6,39.9,256.5,806.3,0.1,1.3,2.6,11.5,99,37,37,31,0.2,155.4,5.4,6.8,13.7,15,18.4,18.7,0.3,0.26,92.7,78.1,100,12.6,0.6,8,38.5,-9.6,2.6,5.2,3,64.2
Turkey,54,50,13.5,593,NA,NA,202.9,137.7,34.5,19.5,395.3,395.3,0.5,1.8,0.1,0.1,0.6,0.4,1.2,NA,51,75,11.7,14.1,NA,NA,2.8,2.8,2.7,4.5,0.2,0.2,NA,100,100,100,NA,NA,17.3,13.4,24.9,32,227,42,18.5,81,NA,NA,18,98.6,99.6,98.5,NA,79.8,19.6,31.9,NA,24.6,10.5,69.9,NA,187.4,41,14,16,11.1,NA,NA,NA,NA,NA,NA,4,89,6,4.3,78.4,16.5,468.6,NA,NA,1.8,2.6,47.6,99,78,35,25,-0.5,769.6,13.2,15.4,3.3,4.3,31,26.5,0.38,0.26,NA,65.2,100,13.4,0.9,11.9,44.5,11.4,4.5,0.2,4.3,64.7
Turkmenistan,75,72,NA,161,842.5,NA,NA,NA,25.5,23.1,329.8,NA,NA,NA,0,NA,NA,NA,NA,NA,-317,-192,1.7,2.9,NA,NA,3.2,2.6,8.5,12.5,1.3,0.9,99.6,100,100,100,96.3,99.3,0.1,0,0,0,1.4,NA,NA,NA,NA,NA,NA,100,97.6,13.3,NA,-26.3,76.7,20.5,NA,115.4,1.8,75.8,NA,88.9,NA,NA,46,6.1,NA,NA,NA,NA,NA,NA,17,76,7,6.6,18.5,76.2,422.8,NA,0.2,2.2,4.6,58.8,100,NA,54,48,0.7,469.9,8.8,8.8,0.1,0.1,4.1,4.1,0.43,0.34,93.9,NA,100,0,NA,NA,21.7,NA,12.5,3.2,NA,21.3
Turks and Caicos Islands,1,1,NA,NA,NA,NA,NA,NA,NA,NA,NA,NA,55.9,48.4,NA,0.8,35.4,55.1,12.9,2.3,NA,NA,NA,NA,29,205,NA,NA,2.4,5.8,NA,0.3,95.6,100,100,100,NA,NA,0.7,0.6,0,0,NA,NA,NA,NA,NA,NA,NA,NA,NA,227.2,6,165.8,5.7,0,1,648.2,60.7,0,NA,-540,NA,NA,6,NA,NA,NA,NA,NA,NA,NA,NA,NA,NA,NA,NA,NA,NA,NA,NA,NA,NA,NA,NA,NA,15,7,-2.5,1,36.2,36.2,NA,NA,1.1,1.1,0.05,0.03,NA,NA,100,0.6,NA,NA,NA,NA,5.8,0.4,5.9,NA
Tuvalu,57,60,NA,161,NA,NA,NA,NA,NA,NA,NA,NA,32.7,47.5,NA,0,47.5,32.7,0,NA,NA,NA,NA,NA,7,11,NA,NA,0.8,1,0.3,0.3,94.6,99.7,100,99.2,18.6,50.4,0,0,0,28.2,NA,NA,NA,NA,NA,NA,NA,99.6,98.8,30,3,25.6,0,35.2,1,44.9,0,98.5,0,-620,NA,NA,270,22.1,NA,NA,NA,NA,NA,NA,NA,NA,NA,15.5,84.5,0.7,507.4,601,12.2,0.9,3.8,26.1,NA,NA,54,38,-1,0,33.3,33.3,66.7,60,NA,NA,NA,NA,NA,6.3,100,0,NA,NA,NA,NA,1,0,18.6,49.3
Uganda,64,72,NA,NA,NA,NA,NA,1.9,68.8,71.4,NA,NA,NA,NA,0.9,NA,NA,NA,NA,NA,NA,NA,NA,NA,759,NA,NA,NA,0,0.1,0.1,0.1,8.2,26.7,57.5,17.7,1,0.8,93.9,89.1,99.6,93,39,0.6,1.6,41,8,51,28,75.1,41.3,118.8,NA,72.8,22.3,65.5,NA,86.7,4.6,86.1,NA,168.1,17,3,200,2.5,2.6,5.7,60,1.1,2.8,72,55,33,13,6.2,16.6,40.3,37.6,117.1,40.4,0.1,0.6,1.1,32.2,NA,85,76,3,200.5,19.4,9.7,10.5,11,26.5,34.4,0.22,0.17,7.1,NA,22,89.1,0.2,53.6,51.9,-9.5,0.1,16.1,10.8,23.7
Ukraine,71,72,0.8,565,NA,NA,103.2,52.7,21.4,15.6,97.9,102.7,1.2,1.8,0.3,0.1,0.5,1.1,1.3,NA,46,27,2.2,3.4,NA,NA,2.9,2.2,12.1,5,1.4,0.6,100,100,100,100,88.3,95.7,1.3,4.1,6.6,4.4,55.1,14.9,27,30,48,22,9,91.3,99.4,-57.5,NA,-44.4,69.6,15,NA,-57.8,5.7,41.7,-196,-77,47,14,80,6.1,0.6,1,37,0.1,0.1,52,4,91,5,6.7,42.4,54.3,141.2,534.2,0.8,3,7.1,86.6,100,99,33,31,-0.8,579.3,16.4,16.7,1.6,1.5,56.2,56.6,0.66,0.73,92,68.5,100,4.1,0.6,NA,20.6,3.5,5,3.9,6.2,58.9
United Arab Emirates,8,5,21.6,78,0.2,0.2,3.4,714.9,6.7,3.8,63.3,63.3,4.8,14.8,NA,1.5,1.6,3.3,13.2,NA,-440,-184,10.1,8.2,NA,NA,2.5,3,28.4,22.9,0.3,0.4,100,100,100,100,96.6,98.5,0.1,0.1,0,0.2,0.2,2.8,NA,NA,2,NA,NA,NA,NA,182.6,NA,92,92.9,2.5,NA,129.2,14.9,35.9,NA,68.4,37,1,1,16.3,NA,NA,NA,NA,NA,NA,7,77,17,3.5,72.5,18.6,NA,NA,0,2.4,5.6,NA,100,87,20,13,-0.5,71,4.4,4.6,2.6,0.6,0.8,0.6,0.02,0,NA,96.3,100,0.1,0.9,NA,40.5,NA,22.9,15,0.7,94.8
United Kingdom,70,72,NA,NA,NA,NA,182.1,252.9,1.4,1.1,NA,NA,4.2,5.3,0,1.2,1.1,3,4.2,NA,-1,35,7.4,14.2,NA,NA,2.7,2.3,9.7,6.5,0.4,0.2,100,100,100,100,100,100,1,8.7,2.7,24.8,145,8,5.5,13,14,71,318,100,100,-24.6,NA,-49.8,22.6,39.5,NA,-55.4,8.9,60.9,NA,-2.7,25,20,8,3.9,NA,0.2,29,NA,NA,90,8,89,4,9.8,80.2,15.1,NA,NA,0,2.8,8.3,133.3,100,100,21,17,-0.9,241.9,12.2,13.1,0.2,0.2,24.3,24.9,0.1,0.09,100,97.8,100,8.7,1.7,NA,10.5,5.5,6.5,28.8,1,94.6
United States,45,44,NA,715,NA,NA,123.6,138.6,1.5,1.4,256.8,271.2,1.2,2.5,0.2,0.2,0.2,1,2.3,3.5,14,7,4.8,7.8,NA,NA,2.5,2.4,19.3,16.5,0.5,0.3,100,100,100,100,100,100,5.4,8.7,8.2,13.2,NA,418.7,14.9,36,51,13,36,99.8,97,3.4,NA,-21.6,40.1,36,NA,-12.9,21.7,57.6,NA,120.2,25,19,3,10.8,NA,0.4,NA,NA,NA,NA,5,88,7,17.1,81.8,11.1,NA,NA,0,2.6,8.6,54.7,100,98,21,18,-0.5,NA,33.1,33.9,0.3,0.3,19.1,16.6,0.62,0.47,99,90,100,8.7,2.7,NA,7.4,6.1,16.5,26.3,5,87.3
Uruguay,85,83,1.5,NA,483.8,728.5,NA,143.7,11.2,8.2,265.6,199.7,1.5,4.1,0.3,0.1,0.8,1.4,3.3,NA,49,44,13.6,14.4,NA,NA,1.8,1.4,1.3,2,0.1,0.1,98.3,99.7,99.8,100,96.1,98,38.8,58,93.4,88.6,92.2,NA,NA,NA,NA,NA,NA,99.6,95.3,31.1,NA,24.1,3,92.8,NA,33.9,1.8,96,NA,-56.7,20,14,33,7.3,0.5,0.6,29,0.2,0.1,58,8,85,8,9.1,71.7,17.4,NA,NA,0,5,1.9,38.9,100,99,8,5,-1.6,175,7.8,10.7,0.2,0.2,7.8,13.8,0.41,0.7,NA,NA,100,58,0.4,NA,9.2,10.2,2,2.3,8.5,68.3
Uzbekistan,64,63,NA,206,NA,NA,76.7,232.7,36.5,33.7,NA,NA,NA,NA,0.1,NA,NA,NA,NA,NA,17,-26,1.7,4.3,NA,NA,2.5,2.4,5.2,3.4,1.6,0.5,99.6,100,100,100,79.6,92.1,1.2,3,12.5,20.7,16.3,49.2,300.9,NA,3,NA,NA,99.6,96.1,4.6,NA,43.7,59.2,32.8,NA,17.9,3.7,85.5,258,-9.6,25,1,70,6.5,0.2,0.2,34,0.1,0.1,51,10,84,6,6.3,46.1,52.2,135.1,416.9,1.2,2.4,12.1,50.4,NA,NA,54,50,1.9,425.4,7.6,7.5,0.8,0.9,10.5,10.3,0.18,0.14,58.9,NA,100,3,0.2,NA,27.8,NA,3.4,3.4,1.6,52.3
Vanuatu,15,15,NA,206,1.4,1.5,NA,NA,64.1,61.6,NA,NA,0.8,1.2,0.1,0,0.8,0.8,0.4,2,NA,NA,16,NA,66,154,2.8,NA,0.5,0.6,0.2,0.2,22.3,57.8,91.4,46.6,11.8,12.6,48.7,36.1,0,21.3,10,NA,NA,NA,NA,NA,NA,99.5,88.5,3,254,18.8,1.4,85.4,109,13.9,1,95.7,-20,650,35,3,46,11.9,NA,NA,NA,NA,NA,NA,19,74,7,3.7,53.9,8.4,109.8,116.1,34.6,0.2,1.4,3.2,43,NA,78,75,2.3,12.2,36.1,36.1,9.3,10.3,1.6,1.6,0.11,0.07,44.1,NA,62.8,36.1,NA,NA,11.6,20.8,0.6,0.1,NA,25.7
"Venezuela, RB",24,24,NA,NA,806.6,520.1,59,183.5,10,7.3,NA,NA,1.5,2.5,0.2,0.1,0.7,1.4,1.8,2.8,-266,-179,7.3,7.8,NA,NA,3.1,2.7,6.2,6.2,0.4,0.4,98.9,100,100,99.7,96.3,96.2,14.7,12.8,73.7,63.7,805,22.6,2.8,74,4,23,17,NA,NA,34.2,NA,31.9,41.2,44.1,NA,28.7,4.3,72.4,NA,-42.4,NA,NA,48,7,NA,NA,34,NA,NA,NA,11,70,19,3.2,24.1,40,NA,940,0,NA,NA,18.1,81,100,12,12,-2,882.1,55.7,52.7,0.9,0.8,2.9,3.1,0.11,0.09,NA,23.8,100,12.8,0.3,NA,16.8,7.2,6.2,36.9,56.3,72
Vietnam,30,39,NA,NA,NA,NA,222.8,429.8,62,41.9,262.5,262.5,15.4,37,1.6,0.8,29.6,14.6,7.3,NA,-2,-15,5.5,7.7,NA,NA,1.2,2.5,0.3,1.8,0.2,0.3,86.3,100,100,100,14.4,66.9,58,35,54.8,36.7,359.4,81.9,22.8,NA,4,NA,NA,98.6,92.6,213.6,NA,87.8,34.7,54.2,NA,197,6.7,83.8,NA,348,46,1,182,6,0.1,0.3,33,0.1,0.1,65,12,77,11,5.7,47.4,44.6,122.8,356.3,2.3,0.8,1.4,NA,96,NA,76,64,-0.1,310.1,37.7,48.1,6.2,14.6,19.9,22.6,0.08,0.07,NA,NA,100,35,0.4,27.2,30.2,13.4,1.8,2.9,NA,58.1
Virgin Islands (U.S.),17,11,NA,NA,NA,NA,NA,NA,4.4,3.8,490,NA,6.6,5.4,NA,2.9,2.5,3.8,2.9,NA,NA,NA,NA,NA,NA,NA,NA,NA,NA,NA,NA,NA,100,100,100,100,NA,NA,0,3.9,0,3.9,NA,NA,NA,NA,NA,NA,NA,NA,NA,35.8,47,39.5,0,7.2,13,37.2,0,93.1,0,NA,NA,NA,NA,12.3,NA,NA,NA,NA,NA,NA,NA,NA,NA,NA,NA,NA,NA,NA,NA,NA,NA,NA,NA,NA,7,4,-3,0.4,58.5,50,2.9,2.9,5.7,2.9,0.02,0.01,NA,NA,100,3.9,NA,NA,10.3,NA,NA,1,49.3,64.4
West Bank and Gaza,61,49,NA,402,33.7,24.5,NA,NA,15.4,7.4,737.3,737.3,0.1,0.6,NA,0,0.3,0.1,0.3,NA,NA,NA,NA,NA,NA,NA,NA,NA,NA,0.6,NA,0.1,99.7,100,100,100,NA,NA,17.5,10.5,0,0,0.8,0.4,50.2,NA,7,NA,NA,97.1,95.9,NA,NA,NA,NA,NA,NA,NA,NA,NA,NA,NA,NA,NA,1,9.5,NA,NA,NA,NA,NA,NA,NA,NA,NA,NA,NA,NA,NA,NA,NA,NA,NA,NA,96,NA,28,24,1.4,6,1.5,1.5,19.9,16,16.9,8.4,0.03,0.01,NA,61.2,100,10.5,0.5,NA,32.7,NA,0.6,NA,1,65.2
"Yemen, Rep.",45,45,NA,167,593.1,519.8,NA,16.4,35.8,34.2,41,41,0.4,1.6,0.1,0,0.7,0.4,0.9,2.3,-273,-121,16,12,NA,NA,3.8,3.1,0.8,0.9,0.2,0.2,50,76.1,97.4,64.4,51.8,64.9,1.2,2.3,0,0,2.1,3.5,168.6,NA,2,NA,NA,79.1,54.7,218.5,NA,128.5,27.8,46.8,NA,77.4,13.7,71,NA,433.3,29,8,48,5.4,0.07,0.1,22,0.1,0.1,21,29,57,15,5.6,10.2,81,72,144.5,7.8,0.3,0.7,0.8,30.7,NA,74,63,1.4,528,1,1,0.2,0.6,2.9,2.4,0.09,0.05,NA,NA,79.2,2.3,NA,60.8,50.1,NA,0.9,0.6,6.7,26.7
Zambia,30,32,NA,NA,532,NA,NA,89.6,71.3,54.4,NA,NA,NA,NA,4.2,NA,NA,NA,NA,3.8,9,8,3.4,5.6,NA,NA,0.4,0.4,0.3,0.3,0.1,0.1,16.7,35.2,70.5,9.2,14,16.4,90,88,99.4,97,80.2,NA,NA,NA,NA,NA,NA,83.9,42,52.8,NA,-77.5,40.3,38.3,NA,-76,2.7,65.6,NA,112.2,25,3,346,4.5,5.67,11.3,59,2.4,5,78,61,29,10,4.5,38.3,12.1,56.5,175.2,42.5,0.1,0.9,1.5,11.3,NA,65,56,2,743.4,68.8,65.2,0,0,3.8,5.1,0.27,0.23,NA,NA,40.3,88,NA,54,27.4,9.2,0.3,37.9,5.3,27.9
Zimbabwe,40,42,NA,657,NA,NA,144.7,22.9,62.6,67.2,64.3,NA,NA,NA,NA,NA,NA,NA,NA,NA,8,15,3.2,2.9,NA,NA,1.7,1,1.5,0.9,0.5,0.4,33.9,39.9,85.5,18.1,32.4,29.1,69.3,81.8,45.7,52.7,12.3,3.6,29.1,82,6,12,3,94,49.8,105.3,NA,-16.3,12.2,69.8,NA,-38.1,5.3,89.7,NA,NA,31,2,210,1.8,4.86,12.7,60,3.2,5.7,88,55,33,12,9.4,46.5,21.2,93.9,185,25.4,0.1,1.2,1.6,38,NA,66,68,1.5,386.9,48.8,35.5,0.3,0.3,9.3,10.3,0.3,0.29,NA,NA,40.4,81.8,NA,25.1,21.7,-22.2,0.9,27.2,6.7,27.1
